Actinomycosis,mouth painful abscesses
Actinomycosis,lungs painful abscesses
Actinomycosis,gastrointestinal tract painful abscesses
African sleeping sickness (African trypanosomiasis),fever
African sleeping sickness (African trypanosomiasis),headaches
African sleeping sickness (African trypanosomiasis),joint pains
African sleeping sickness (African trypanosomiasis),itching
African sleeping sickness (African trypanosomiasis),anemia
African sleeping sickness (African trypanosomiasis),endocrine
African sleeping sickness (African trypanosomiasis),cardiac
African sleeping sickness (African trypanosomiasis),kidney dysfunctions
African sleeping sickness (African trypanosomiasis),disorganized and fragmented 24-hour rhythm of the sleep-wake cycle
African sleeping sickness (African trypanosomiasis),confusion
African sleeping sickness (African trypanosomiasis),tremor
African sleeping sickness (African trypanosomiasis),general muscle weakness
African sleeping sickness (African trypanosomiasis),hemiparesis and paralysis of a limb
African sleeping sickness (African trypanosomiasis),non-specific movement disorders
African sleeping sickness (African trypanosomiasis),speech disorders
African sleeping sickness (African trypanosomiasis),irritability
African sleeping sickness (African trypanosomiasis),psychotic reactions
African sleeping sickness (African trypanosomiasis),aggressive behaviour
African sleeping sickness (African trypanosomiasis),apathy
AIDS (Acquired immunodeficiency syndrome),fever
AIDS (Acquired immunodeficiency syndrome),large tender lymph nodes
AIDS (Acquired immunodeficiency syndrome),throat inflammation
AIDS (Acquired immunodeficiency syndrome),rash
AIDS (Acquired immunodeficiency syndrome),headache
AIDS (Acquired immunodeficiency syndrome),sores of the mouth and genitals
AIDS (Acquired immunodeficiency syndrome),nausea
AIDS (Acquired immunodeficiency syndrome),vomiting
AIDS (Acquired immunodeficiency syndrome),diarrhea
AIDS (Acquired immunodeficiency syndrome),weight loss
AIDS (Acquired immunodeficiency syndrome),gastrointestinal problems
AIDS (Acquired immunodeficiency syndrome),muscle pains
AIDS (Acquired immunodeficiency syndrome),lymphadenopathy
AIDS (Acquired immunodeficiency syndrome),pneumocystis pneumonia
AIDS (Acquired immunodeficiency syndrome),sweats
AIDS (Acquired immunodeficiency syndrome),swollen lymph nodes
AIDS (Acquired immunodeficiency syndrome),chills
AIDS (Acquired immunodeficiency syndrome),weakness
Amebiasis,asymptomatic
Amebiasis,mild diarrhea
Amebiasis,severe dysentery with blood and mucus
Amebiasis,granulomatous mass
Anaplasmosis,increase in heart rate
Anaplasmosis,blood in the urine
Anaplasmosis,diarrhea
Anaplasmosis,anorexia
Anaplasmosis,weight loss
Angiostrongyliasis,severe abdominal pain
Angiostrongyliasis,nausea
Angiostrongyliasis,vomiting
Angiostrongyliasis,weakness
Angiostrongyliasis,fever
Angiostrongyliasis,severe headache
Angiostrongyliasis,stiffness of the neck
Angiostrongyliasis,mild cognitive impairment
Angiostrongyliasis,slowed reactions
Angiostrongyliasis,neuropathic pain
Angiostrongyliasis,ascending weakness
Angiostrongyliasis,quadriparesis
Angiostrongyliasis,areflexia
Angiostrongyliasis,respiratory failure
Angiostrongyliasis,muscle atrophy
Angiostrongyliasis,visual impairment
Angiostrongyliasis,pain
Angiostrongyliasis,keratitis
Angiostrongyliasis,retinal edema
Anisakiasis,allergic
Anthrax,skin lesion
Anthrax,ulcer
Anthrax,painless necrotic ulcer
Anthrax,cold
Anthrax,flu-like symptoms
Anthrax,GI difficulty
Anthrax,vomiting of blood
Anthrax,diarrhea
Anthrax,acute inflammation of the intestinal tract
Anthrax,loss of appetite
Arcanobacterium haemolyticum infection,pharyngitis
Arcanobacterium haemolyticum infection,sore throat
Argentine hemorrhagic fever,fever
Argentine hemorrhagic fever,headaches
Argentine hemorrhagic fever,weakness
Argentine hemorrhagic fever,loss of appetite
Argentine hemorrhagic fever,loss of will
Argentine hemorrhagic fever,vascular
Argentine hemorrhagic fever,renal
Argentine hemorrhagic fever,hematological alterations
Argentine hemorrhagic fever,neurological alterations
Ascariasis,visceral damage
Ascariasis,peritonitis
Ascariasis,enlargement of the liver
Ascariasis,enlargement of the spleen
Ascariasis,inflammation of the lungs
Ascariasis,intestinal blockage
Ascariasis,bowel obstruction
Ascariasis,allergies
Ascariasis,malnutrition
Aspergillosis,fever
Aspergillosis,chills
Aspergillosis,shock
Aspergillosis,delirium
Aspergillosis,seizures
Aspergillosis,blood clots
Aspergillosis,kidney failure
Aspergillosis,liver failure
Aspergillosis,breathing difficulties
Aspergillosis,ear itching
Aspergillosis,ear pain
Astrovirus infection,diarrhoea
Astrovirus infection,nausea
Astrovirus infection,vomiting
Astrovirus infection,fever
Astrovirus infection,malaise
Astrovirus infection,abdominal pain
Astrovirus infection,dehydration
Babesiosis,headache
Babesiosis,muscle pain
Babesiosis,anorexia
Babesiosis,nonproductive cough
Babesiosis,arthralgias
Babesiosis,nausea
Babesiosis,vomiting
Babesiosis,sore throat
Babesiosis,abdominal pain
Babesiosis,pink eye
Babesiosis,photophobia
Babesiosis,weight loss
Babesiosis,emotional lability
Babesiosis,depression
Babesiosis,hyperesthesia
Babesiosis,enlarged spleen
Babesiosis,pharyngeal erythema
Babesiosis,enlarged liver
Babesiosis,jaundice
Babesiosis,retinopathy with splinter hemorrhages
Babesiosis,retinal infarcts
Babesiosis,neutropenia
Bacillus cereus infection,chronic skin infections
Bacillus cereus infection,keratitis
Bacterial pneumonia,pneumonia
Bacterial pneumonia,fever
Bacterial pneumonia,rigors
Bacterial pneumonia,cough
Bacterial pneumonia,runny nose
Bacterial pneumonia,dyspnea
Bacterial pneumonia,shortness of breath
Bacterial pneumonia,chest pain
Bacterial pneumonia,shaking chills
Bacterial pneumonia,coughing up of blood
Bacterial pneumonia,hemoptysis
Bacterial vaginosis,increased vaginal discharge
Balantidiasis,diarrhea
Balantidiasis,constipation
Bartonellosis,focal suppurative reaction
Bartonellosis,multifocal angioproliferative response
Bartonellosis,endocarditis
Bartonellosis,meningitis
Baylisascaris infection,skin irritations
Baylisascaris infection,respiratory discomfort
Baylisascaris infection,liver enlargement
Baylisascaris infection,fever
Baylisascaris infection,eye and brain tissue damage
Baylisascaris infection,nausea
Baylisascaris infection,lethargic feeling
Baylisascaris infection,incoordination
Baylisascaris infection,loss of eyesight
Baylisascaris infection,imbalance
Baylisascaris infection,circling
Baylisascaris infection,abnormal behavior
BK virus infection,renal dysfunction
Black piedra,
Blastocystosis,abdominal pain
Blastocystosis,itching
Blastocystosis,anal itching
Blastocystosis,constipation
Blastocystosis,diarrhea
Blastocystosis,watery or loose stools
Blastocystosis,weight loss
Blastocystosis,fatigue
Blastocystosis,flatulence
Blastocystosis,skin rash
Blastocystosis,headache
Blastocystosis,depression
Blastocystosis,arthritic symptoms
Blastocystosis,joint pain
Blastocystosis,intestinal inflammation
Blastomycosis,fever
Blastomycosis,chills
Blastomycosis,arthralgia
Blastomycosis,joint pain
Blastomycosis,myalgia
Blastomycosis,muscle pain
Blastomycosis,headache
Blastomycosis,nonproductive cough
Blastomycosis,high fever
Blastomycosis,chills
Blastomycosis,productive cough
Blastomycosis,pleuritic chest pain
Blastomycosis,low-grade fever
Blastomycosis,night sweats
Blastomycosis,weight loss
Blastomycosis,fever
Blastomycosis,shortness of breath
Blastomycosis,tachypnea
Blastomycosis,hypoxemia
Blastomycosis,diffuse pulmonary infiltrates
Blastomycosis,skin lesions
Blastomycosis,bone lytic lesions
Blastomycosis,prostatitis
Blastomycosis,hoarseness
Blastomycosis,brain abscess
Blastomycosis,epidural abscess
Blastomycosis,meningitis
Bolivian hemorrhagic fever,fever
Bolivian hemorrhagic fever,malaise
Bolivian hemorrhagic fever,headache
Bolivian hemorrhagic fever,muscular pains
Bolivian hemorrhagic fever,petechiae
Bolivian hemorrhagic fever,blood spots
Botulism (and Infant botulism),constipation
Botulism (and Infant botulism),precipitate nausea
Botulism (and Infant botulism),vomiting
Botulism (and Infant botulism),dyspnea
Botulism (and Infant botulism),difficulty breathing
Botulism (and Infant botulism),coma
Botulism (and Infant botulism),descending paralysis
Botulism (and Infant botulism),lack of fever
Botulism (and Infant botulism),clear senses and mental status
Botulism (and Infant botulism),clear sensorium
Brucellosis,muscular pain
Brucellosis,sweating
Brucellosis,migratory arthralgia
Brucellosis,myalgia
Brucellosis,joint and muscle pain
Brucellosis,orchitis
Bubonic plague,Chills
Bubonic plague,general ill feeling
Bubonic plague,malaise
Bubonic plague,high fever
Bubonic plague,muscle cramps
Bubonic plague,seizures
Bubonic plague,gangrene of the extremities
Buruli ulcer,small scratch
Buruli ulcer,lesions
Buruli ulcer,fever
Calicivirus infection (Norovirus and Sapovirus),inflammation of the stomach
Calicivirus infection (Norovirus and Sapovirus),inflammation of the intestines
Calicivirus infection (Norovirus and Sapovirus),vomiting
Calicivirus infection (Norovirus and Sapovirus),diarrhea
Campylobacteriosis,fever
Campylobacteriosis,headache
Campylobacteriosis,myalgia
Campylobacteriosis,diarrhea
Campylobacteriosis,dysentery
Campylobacteriosis,cramps
Campylobacteriosis,abdominal pain
Campylobacteriosis,invasive/inflammatory diarrhea
Campylobacteriosis,bloody diarrhea
Campylobacteriosis,dysentery
Campylobacteriosis,abdominal pain
Campylobacteriosis,tenderness
Candidiasis (Moniliasis; Thrush),redness
Candidiasis (Moniliasis; Thrush),itching
Candidiasis (Moniliasis; Thrush),discomfort
Candidiasis (Moniliasis; Thrush),difficulty swallowing
Candidiasis (Moniliasis; Thrush),painful swallowing
Candidiasis (Moniliasis; Thrush),abdominal pain
Candidiasis (Moniliasis; Thrush),nausea
Candidiasis (Moniliasis; Thrush),vomiting
Candidiasis (Moniliasis; Thrush),itching
Candidiasis (Moniliasis; Thrush),burning
Candidiasis (Moniliasis; Thrush),soreness
Candidiasis (Moniliasis; Thrush),irritation
Candidiasis (Moniliasis; Thrush),a whitish or whitish-gray cottage cheese-like discharge
Candidiasis (Moniliasis; Thrush),red skin around the head of the penis
Candidiasis (Moniliasis; Thrush),"swelling, irritation, itchiness and soreness of the head of the penis"
Candidiasis (Moniliasis; Thrush),"thick, lumpy discharge under the foreskin"
Candidiasis (Moniliasis; Thrush),unpleasant odour
Candidiasis (Moniliasis; Thrush),difficulty retracting the foreskin (phimosis)
Candidiasis (Moniliasis; Thrush),pain when passing urine or during sex
Candidiasis (Moniliasis; Thrush),anal itching
Candidiasis (Moniliasis; Thrush),belching
Candidiasis (Moniliasis; Thrush),bloating
Candidiasis (Moniliasis; Thrush),indigestion
Candidiasis (Moniliasis; Thrush),nausea
Candidiasis (Moniliasis; Thrush),diarrhea
Candidiasis (Moniliasis; Thrush),gas
Candidiasis (Moniliasis; Thrush),intestinal cramps
Candidiasis (Moniliasis; Thrush),vomiting
Candidiasis (Moniliasis; Thrush),gastric ulcers
Candidiasis (Moniliasis; Thrush),pruritis ani
Carrion's disease,pallor
Carrion's disease,malaise
Carrion's disease,nonpainful hepatomegaly
Carrion's disease,jaundice
Carrion's disease,lymphadenopathy
Carrion's disease,splenomegaly
Carrion's disease,headache
Carrion's disease,muscle aches
Carrion's disease,general abdominal pain
Carrion's disease,cardiac murmurs
Carrion's disease,anorexia
Carrion's disease,nausea
Carrion's disease,vomiting
Carrion's disease,bleeding of verrugas
Carrion's disease,fever
Carrion's disease,malaise
Carrion's disease,arthralgias
Carrion's disease,joint pain
Carrion's disease,anorexia
Carrion's disease,myalgias
Carrion's disease,pallor
Carrion's disease,lymphadeopathy
Carrion's disease,hepato-splenomegaly
Cat-scratch disease,malaise
Cat-scratch disease,decreased appetite
Cat-scratch disease,aches
Cat-scratch disease,headache
Cat-scratch disease,chills
Cat-scratch disease,muscular pains
Cat-scratch disease,joint pains
Cat-scratch disease,arthritis
Cat-scratch disease,backache
Cat-scratch disease,abdominal pain
Cat-scratch disease,meningoencephalitis
Cat-scratch disease,encephalopathy
Cat-scratch disease,seizures
Cat-scratch disease,endocarditis
Cat-scratch disease,Parinaud's oculoglandular syndrome
Cat-scratch disease,Optic neuritis
Cat-scratch disease,neuroretinitis
Cellulitis,red
Cellulitis,hot
Cellulitis,painful
Chagas Disease (American trypanosomiasis),fever
Chagas Disease (American trypanosomiasis),fatigue
Chagas Disease (American trypanosomiasis),body aches
Chagas Disease (American trypanosomiasis),muscle pain
Chagas Disease (American trypanosomiasis),headache
Chagas Disease (American trypanosomiasis),rash
Chagas Disease (American trypanosomiasis),loss of appetite
Chagas Disease (American trypanosomiasis),diarrhea
Chagas Disease (American trypanosomiasis),nausea
Chagas Disease (American trypanosomiasis),mild enlargement of the spleen
Chagas Disease (American trypanosomiasis),mild enlargement of the liver
Chagas Disease (American trypanosomiasis),swollen glands
Chagas Disease (American trypanosomiasis),inflammation/infection of the heart muscle
Chagas Disease (American trypanosomiasis),myocarditis
Chagas Disease (American trypanosomiasis),inflammation/infection of the brain
Chagas Disease (American trypanosomiasis),meningoencephalitis
Chagas Disease (American trypanosomiasis),weight loss
Chagas Disease (American trypanosomiasis),dementia
Chagas Disease (American trypanosomiasis),confusion
Chagas Disease (American trypanosomiasis),chronic encephalopathy
Chagas Disease (American trypanosomiasis),sensory deficits
Chagas Disease (American trypanosomiasis),motor deficits
Chancroid,ulcer
Chancroid,painful
Chancroid,dysuria
Chancroid,pain with urination
Chancroid,dyspareunia
Chancroid,pain with intercourse
Chickenpox,nausea
Chickenpox,loss of appetite
Chickenpox,aching muscles
Chickenpox,headache
Chickenpox,characteristic rash
Chickenpox,oral sores
Chickenpox,malaise
Chickenpox,low-grade fever
Chickenpox,rash
Chickenpox,small bumps
Chickenpox,blisters
Chickenpox,pustules
Chickenpox,umbilication
Chickenpox,scabs
Chickenpox,itching
Chickenpox,ulcers
Chikungunya,high fever
Chikungunya,joint pain
Chikungunya,rash
Chikungunya,headache
Chikungunya,fatigue
Chikungunya,digestive complaints
Chikungunya,conjunctivitis
Chikungunya,insomnia
Chikungunya,extreme degree of exhaustion
Chikungunya,joint pain
Chikungunya,stiffness 
Chikungunya,nausea
Chikungunya,vomiting
Chikungunya,diarrhea
Chikungunya,fatigue
Chlamydia,mucopurulent cervical discharge
Chlamydia,redness
Chlamydia,inflammation
Chlamydia,"white, cloudy or watery discharge"
Chlamydia,abnormal vaginal bleeding or discharge
Chlamydia,abdominal pain
Chlamydia,painful sexual intercourse
Chlamydia,fever
Chlamydia,painful urination
Chlamydia,urinary urgency
Chlamydia,testicular pain or swelling
Cholera,profuse diarrhea
Cholera,vomiting of clear fluid
Cholera,dehydration
Cholera,electrolyte imbalances
Cholera,lethargic
Cholera,sunken eyes
Cholera,dry mouth
Cholera,cold clammy skin
Cholera,decreased skin turgor
Cholera,wrinkled hands and feet
Cholera,Blood pressure drops
Cholera,Muscle cramping and weakness
Cholera,altered consciousness
Cholera,seizures
Cholera,coma
Chromoblastomycosis,red papule
Chromoblastomycosis,lymph stasis
Chromoblastomycosis,obstruction of the lymph vessels
Chromoblastomycosis,elephantiasis
Chromoblastomycosis,ulcerated nodules
Chromoblastomycosis,grow nodules
Chromoblastomycosis,coalesce nodules
Chytridiomycosis,anorexia
Chytridiomycosis,shedding of skin
Chytridiomycosis,thickening of skin
Chytridiomycosis,reddening of the skin
Chytridiomycosis,convulsions
Chytridiomycosis,loss of righting reflex
Chytridiomycosis,abnormal feeding behaviors
Chytridiomycosis,discoloration of the mouth
Clostridium difficile colitis,mild diarrhea
Clostridium difficile colitis,severe life-threatening inflammation of the colon
Clostridium difficile colitis,diarrhea
Clostridium difficile colitis,abdominal pain
Clostridium difficile colitis,fever
Clostridium difficile colitis,odor
Clostridium difficile colitis,loss of appetite
Clostridium difficile colitis,nausea
Coccidioidomycosis,tiredness
Coccidioidomycosis,fever
Coccidioidomycosis,cough
Coccidioidomycosis,headaches
Coccidioidomycosis,rash
Coccidioidomycosis,muscle pain
Coccidioidomycosis,joint pain
Coccidioidomycosis,fatigue
Coccidioidomycosis,erythema nodosum
Coccidioidomycosis,cough
Coccidioidomycosis,sputum
Coccidioidomycosis,night sweats
Coccidioidomycosis,weight loss
Coccidioidomycosis,spine
Coccidioidomycosis,meningitis
Coccidioidomycosis,lung disease
Colorado tick fever (CTF),fever
Colorado tick fever (CTF),chills
Colorado tick fever (CTF),headaches
Colorado tick fever (CTF),pain behind the eyes
Colorado tick fever (CTF),light sensitivity
Colorado tick fever (CTF),muscle pain
Colorado tick fever (CTF),generalized malaise
Colorado tick fever (CTF),abdominal pain
Colorado tick fever (CTF),hepatosplenomegaly
Colorado tick fever (CTF),nausea
Colorado tick fever (CTF),vomiting
Colorado tick fever (CTF),pimply rash
Colorado tick fever (CTF),high fever
Colorado tick fever (CTF),aseptic meningitis
Colorado tick fever (CTF),encephalitis
Colorado tick fever (CTF),hemorrhagic fever
Common cold (Acute viral rhinopharyngitis; Acute coryza),cough
Common cold (Acute viral rhinopharyngitis; Acute coryza),runny nose
Common cold (Acute viral rhinopharyngitis; Acute coryza),nasal congestion
Common cold (Acute viral rhinopharyngitis; Acute coryza),sore throat
Common cold (Acute viral rhinopharyngitis; Acute coryza),muscle ache
Common cold (Acute viral rhinopharyngitis; Acute coryza),fatigue
Common cold (Acute viral rhinopharyngitis; Acute coryza),headache
Common cold (Acute viral rhinopharyngitis; Acute coryza),loss of appetite
Creutzfeldt每Jakob disease (CJD),dementia
Creutzfeldt每Jakob disease (CJD),memory loss
Creutzfeldt每Jakob disease (CJD),personality changes
Creutzfeldt每Jakob disease (CJD),hallucinations
Creutzfeldt每Jakob disease (CJD),anxiety
Creutzfeldt每Jakob disease (CJD),depression
Creutzfeldt每Jakob disease (CJD),paranoia
Creutzfeldt每Jakob disease (CJD),obsessive-compulsive symptoms
Creutzfeldt每Jakob disease (CJD),psychosis.
Creutzfeldt每Jakob disease (CJD),speech impairment
Creutzfeldt每Jakob disease (CJD),jerky movements
Creutzfeldt每Jakob disease (CJD),myoclonus
Creutzfeldt每Jakob disease (CJD),balance and coordination dysfunction
Creutzfeldt每Jakob disease (CJD),ataxia
Creutzfeldt每Jakob disease (CJD),changes in gait
Creutzfeldt每Jakob disease (CJD),rigid posture
Creutzfeldt每Jakob disease (CJD),seizures
Crimean-Congo hemorrhagic fever (CCHF),mood instability
Crimean-Congo hemorrhagic fever (CCHF),agitation
Crimean-Congo hemorrhagic fever (CCHF),mental confusion
Crimean-Congo hemorrhagic fever (CCHF),throat petechiae
Crimean-Congo hemorrhagic fever (CCHF),nosebleeds
Crimean-Congo hemorrhagic fever (CCHF),vomiting
Crimean-Congo hemorrhagic fever (CCHF),black stools
Crimean-Congo hemorrhagic fever (CCHF),liver swollen
Crimean-Congo hemorrhagic fever (CCHF),liver painful. 
Crimean-Congo hemorrhagic fever (CCHF),disseminated intravascular coagulation
Crimean-Congo hemorrhagic fever (CCHF),acute kidney failure
Crimean-Congo hemorrhagic fever (CCHF),shock
Crimean-Congo hemorrhagic fever (CCHF),acute respiratory distress syndrome
Cryptococcosis,fever
Cryptococcosis,fatigue
Cryptococcosis,dry cough
Cryptococcosis,headache
Cryptococcosis,blurred vision
Cryptococcosis,confusion
Cryptococcosis,meningitis
Cryptococcosis,pulmonary infection
Cryptosporidiosis,asymptomatic
Cryptosporidiosis,watery diarrhea
Cryptosporidiosis,Low-grade fever
Cryptosporidiosis,Crampy abdominal pain
Cryptosporidiosis,Dehydration
Cryptosporidiosis,Weight loss
Cryptosporidiosis,Fatigue
Cryptosporidiosis,Nausea
Cryptosporidiosis,vomiting
Cryptosporidiosis,Epigastric or right upper quadrant tenderness
Cryptosporidiosis,Reactive arthritis
Cryptosporidiosis,Jaundice
Cryptosporidiosis,Ascites
Cryptosporidiosis,Inflammation of nasal mucosa
Cryptosporidiosis,Inflammation of sinuses
Cryptosporidiosis,Inflammation of larynx
Cryptosporidiosis,Inflammation of trachea
Cryptosporidiosis,Nasal discharge
Cryptosporidiosis,Voice change
Cryptosporidiosis,Cough
Cryptosporidiosis,Shortness of breath
Cryptosporidiosis,Fever
Cryptosporidiosis,Hypoxemia
Cutaneous larva migrans (CLM),itchy
Cutaneous larva migrans (CLM),pain
Cysticercosis,myositis
Cysticercosis,fever
Cysticercosis,eosinophilia
Cysticercosis,muscular pseudohypertrophy
Cysticercosis,seizures
Cysticercosis,headaches
Cysticercosis,back pain
Cysticercosis,radiculopathy
Cysticercosis,visual difficulties
Cysticercosis,retinal edema
Cysticercosis,hemorrhage
Cysticercosis,decreased vision
Cysticercosis,visual loss
Cysticercosis,Subcutaneous cysts
Dengue fever,asymptomatic
Dengue fever,vomiting
Dengue fever,diarrhea
Dengue fever,high fever
Dengue fever,sudden-onset fever
Dengue fever,headache
Dengue fever,muscle
Dengue fever,joint pains
Dengue fever,rash
Dengue fever,nausea
Dengue fever,vomiting
Dengue fever,flushed skin
Dengue fever,fluid accumulation in the chest
Dengue fever,fluid accumulation in the abdominal cavity
Dengue fever,organ dysfunction
Dengue fever,bleeding
Dengue fever,seizures
Dengue fever,fatigue
Dientamoebiasis,abdominal pain
Dientamoebiasis,diarrhea
Dientamoebiasis,weight loss
Dientamoebiasis,vomiting
Dientamoebiasis,fever
Dientamoebiasis,Fatigue
Dientamoebiasis,Nausea
Dientamoebiasis,Urticaria
Dientamoebiasis,skin rash
Dientamoebiasis,Pruritis
Dientamoebiasis,itchiness
Dientamoebiasis,Biliary infection
Diphtheria,fever
Diphtheria,chills
Diphtheria,fatigue
Diphtheria,bluish skin coloration
Diphtheria,cyanosis
Diphtheria,sore throat
Diphtheria,hoarseness
Diphtheria,cough
Diphtheria,headache
Diphtheria,difficulty swallowing
Diphtheria,painful swallowing
Diphtheria,difficulty breathing
Diphtheria,rapid breathing
Diphtheria,foul-smelling bloodstained nasal discharge
Diphtheria,lymphadenopathy
Diphtheria,cardiac arrhythmias
Diphtheria,myocarditis
Diphtheria,cranial and peripheral nerve palsies
Diphtheria,cough
Diphtheria,stridor
Diphtheria,hoarseness
Diphtheria,difficulty breathing
Diphyllobothriasis,abdominal discomfort
Diphyllobothriasis,diarrhea
Diphyllobothriasis,vomiting
Diphyllobothriasis,weight loss
Diphyllobothriasis,megaloblastic anemia
Dracunculiasis,fever
Dracunculiasis,nausea
Dracunculiasis,vomiting
Dracunculiasis,pain
Dracunculiasis,rashes
Dracunculiasis,diarrhea
Dracunculiasis,dizziness
Dracunculiasis,localized edema
Dracunculiasis,skin ulcers
Ebola hemorrhagic fever,tired
Ebola hemorrhagic fever,fever
Ebola hemorrhagic fever,weakness
Ebola hemorrhagic fever,decreased appetite
Ebola hemorrhagic fever,muscular pain
Ebola hemorrhagic fever,joint pain
Ebola hemorrhagic fever,headache
Ebola hemorrhagic fever,sore throat
Ebola hemorrhagic fever,vomiting
Ebola hemorrhagic fever,diarrhea
Ebola hemorrhagic fever,abdominal pain
Ebola hemorrhagic fever,chest pain
Ebola hemorrhagic fever,swelling
Ebola hemorrhagic fever,confusion
Ebola hemorrhagic fever,bleeding
Ebola hemorrhagic fever,petechiae
Ebola hemorrhagic fever,purpura
Ebola hemorrhagic fever,ecchymoses
Ebola hemorrhagic fever,hematomas
Ebola hemorrhagic fever,muscular pain
Ebola hemorrhagic fever,joint pain
Ebola hemorrhagic fever,liver inflammation
Ebola hemorrhagic fever,decreased hearing
Ebola hemorrhagic fever,tiredness
Echinococcosis,cysts
Echinococcosis,asymptomatic
Echinococcosis,cough
Echinococcosis,shortness of breath
Echinococcosis,pain in the chest
Echinococcosis,abdominal pain
Echinococcosis,abnormal abdominal tenderness
Echinococcosis,hepatomegaly with an abdominal mass
Echinococcosis,jaundice
Echinococcosis,fever
Echinococcosis,anaphylactic reaction
Echinococcosis,anaphylactic shock
Echinococcosis,high fever
Echinococcosis,pruritus
Echinococcosis,itching
Echinococcosis,edema of the lips
Echinococcosis,edema of the eyelids
Echinococcosis,swelling of the lips
Echinococcosis,swelling of the eyelids
Echinococcosis,dyspnea
Echinococcosis,stridor
Echinococcosis,rhinorrhea
Ehrlichiosis,headache
Ehrlichiosis,muscle aches
Ehrlichiosis,fatigue
Ehrlichiosis,rash
Ehrlichiosis,toxic shock-like syndrome
Ehrlichiosis,respiratory distress syndrome
Ehrlichiosis,hepatitis
Enterobiasis (Pinworm infection),asymptomatic
Enterobiasis (Pinworm infection),pruritus ani
Enterobiasis (Pinworm infection),perineal pruritus
Enterobiasis (Pinworm infection),itching
Enterobiasis (Pinworm infection),insomnia
Enterobiasis (Pinworm infection),restlessness
Enterobiasis (Pinworm infection),loss of appetite
Enterobiasis (Pinworm infection),weight loss
Enterobiasis (Pinworm infection),irritability
Enterobiasis (Pinworm infection),emotional instability
Enterobiasis (Pinworm infection),enuresis
Enterobiasis (Pinworm infection),inability to control urination
Enterovirus infection,fever
Enterovirus infection,muscle pain
Enterovirus infection,sore throat
Enterovirus infection,gastrointestinal distress
Enterovirus infection,abdominal discomfort
Enterovirus infection,headache
Enterovirus infection,paroxysmal pain
Enterovirus infection,nausea
Enterovirus infection,emesis
Enterovirus infection,pericarditis
Enterovirus infection,myocarditis
Enterovirus infection,dyspnea
Enterovirus infection,chest pain
Enterovirus infection,Arrhythmias
Enterovirus infection,heart failure
Enterovirus infection,myocardial infarction
Enterovirus infection,malaise
Enterovirus infection,dysphagia
Enterovirus infection,loss of appetite
Enterovirus infection,back pain
Epidemic typhus,headache
Epidemic typhus,high fever
Epidemic typhus,cough
Epidemic typhus,rash
Epidemic typhus,muscle pain
Epidemic typhus,chills
Epidemic typhus,falling blood pressure
Epidemic typhus,stupor
Epidemic typhus,sensitivity to light
Epidemic typhus,delirium
Erythema infectiosum (Fifth disease),low-grade fever
Erythema infectiosum (Fifth disease),headache
Erythema infectiosum (Fifth disease),rash
Erythema infectiosum (Fifth disease),runny nose
Erythema infectiosum (Fifth disease),stuffy nose
Erythema infectiosum (Fifth disease),bending joints
Exanthem subitum (Sixth disease),high fever
Exanthem subitum (Sixth disease),red rash
Exanthem subitum (Sixth disease),conjunctivitis
Exanthem subitum (Sixth disease),coryza
Exanthem subitum (Sixth disease),cough
Exanthem subitum (Sixth disease),liver dysfunction
Fasciolasis,Hypertrophia of bile ducts in liver
Fasciolasis,cough
Fasciolasis,dyspnoea
Fasciolasis,chest pain
Fasciolasis,hemoptysis
Fasciolasis,Hepatomegaly
Fasciolasis,splenomegaly
Fasciolasis,Ascites
Fasciolasis,Anaemia
Fasciolasis,Jaundice
Fasciolasis,biliary colic
Fasciolasis,epigastric pain
Fasciolasis,fatty food intolerance
Fasciolasis,nausea
Fasciolasis,jaundice
Fasciolasis,pruritus
Fasciolasis,right upper-quadrant abdominal tenderness
Fasciolasis,Hepatic enlargement
Fasciolopsiasis,asymptomatic
Fasciolopsiasis,abdominal pain
Fasciolopsiasis,chronic diarrhea
Fasciolopsiasis,anemia
Fasciolopsiasis,ascites
Fasciolopsiasis,toxemia
Fasciolopsiasis,allergic responses
Fasciolopsiasis,sensitization
Fasciolopsiasis,intestinal obstruction
Fatal familial insomnia (FFI),insomnia
Fatal familial insomnia (FFI),panic attacks
Fatal familial insomnia (FFI),paranoia
Fatal familial insomnia (FFI),phobias
Fatal familial insomnia (FFI),hallucinations
Fatal familial insomnia (FFI),panic attacks
Fatal familial insomnia (FFI),loss of weight
Fatal familial insomnia (FFI),sweating
Fatal familial insomnia (FFI),pinpoint pupils
Fatal familial insomnia (FFI),sudden entrance into menopause for women
Fatal familial insomnia (FFI),impotence for men
Fatal familial insomnia (FFI),neck stiffness
Fatal familial insomnia (FFI),elevation of blood pressure
Fatal familial insomnia (FFI),elevation of heart rate
Fatal familial insomnia (FFI),constipation
Filariasis,elephantiasis
Filariasis,edema
Filariasis,thickening of the skin and underlying tissues
Food poisoning by Clostridium perfringens,gastroenteritis
Food poisoning by Clostridium perfringens,vomiting
Food poisoning by Clostridium perfringens,fever
Food poisoning by Clostridium perfringens,aches
Food poisoning by Clostridium perfringens,diarrhea
Free-living amebic infection,headaches
Free-living amebic infection,altered mental status
Free-living amebic infection,focal neurologic deficit
Free-living amebic infection,granulomatous skin lesions
Free-living amebic infection,keratitis
Free-living amebic infection,corneal ulcers
Free-living amebic infection,corneal trauma
Gas gangrene (Clostridial myonecrosis),myonecrosis
Gas gangrene (Clostridial myonecrosis),muscle tissue death
Gas gangrene (Clostridial myonecrosis),gas production
Gas gangrene (Clostridial myonecrosis),sepsis
Gas gangrene (Clostridial myonecrosis),toxemia
Gas gangrene (Clostridial myonecrosis),shock
Gas gangrene (Clostridial myonecrosis),blackened sores
Gerstmann-Str?ussler-Scheinker syndrome (GSS),dysarthria
Gerstmann-Str?ussler-Scheinker syndrome (GSS),cerebellar ataxia
Gerstmann-Str?ussler-Scheinker syndrome (GSS),progressive dementia
Gerstmann-Str?ussler-Scheinker syndrome (GSS),myoclonus
Gerstmann-Str?ussler-Scheinker syndrome (GSS),nystagmus
Gerstmann-Str?ussler-Scheinker syndrome (GSS),visual disturbances
Gerstmann-Str?ussler-Scheinker syndrome (GSS),blindness
Gerstmann-Str?ussler-Scheinker syndrome (GSS),deafness
Giardiasis,diarrhea
Giardiasis,weakness
Giardiasis,loss of appetite
Giardiasis,stomach cramps
Giardiasis,vomiting
Giardiasis,bloating
Giardiasis,excessive gas
Giardiasis,burping
Glanders,coughing
Glanders,fever
Glanders,infectious nasal discharge
Glanders,septicaemia
Glanders,nasal and subcutaneous nodules
Glanders,ulcerating
Gnathostomiasis,Gnathostoma
Gnathostomiasis,Larva migrans profundus
Gnathostomiasis,Nodular migratory eosinophilic panniculitis
Gnathostomiasis,Physaloptera
Gnathostomiasis,Spiruroid larva migrans
Gnathostomiasis,Wandering swelling
Gnathostomiasis,Yangtze edema
Gonorrhea,vaginal discharge
Gonorrhea,lower abdominal pain
Gonorrhea,pain with sexual intercourse
Gonorrhea,inflammation of the penile urethra
Gonorrhea,burning sensation during urination
Gonorrhea,discharge from the penis
Granuloma inguinale (Donovanosis),painless nodules
Group A streptococcal infection,strep throat
Group A streptococcal infection,pharyngitis
Group A streptococcal infection,streptococcal toxic shock syndrome
Group A streptococcal infection,necrotizing fasciitis
Group A streptococcal infection,pneumonia
Group A streptococcal infection,bacteremia
Group A streptococcal infection,necrotizing fasciitis
Group A streptococcal infection,strep throat AKA strep pharyngitis
Group A streptococcal infection,shock
Group B streptococcal infection,asymptomatic 
Group B streptococcal infection,Hearing loss
Group B streptococcal infection,mental impairment
Haemophilus influenzae infection,sputum
Haemophilus influenzae infection,Fever
Haemophilus influenzae infection,Cough
Haemophilus influenzae infection,Shortness of breath
Haemophilus influenzae infection,Chills
Haemophilus influenzae infection,Sweating
Haemophilus influenzae infection,Chest pain that comes and goes with breathing
Haemophilus influenzae infection,Headache
Haemophilus influenzae infection,Muscle pain
Haemophilus influenzae infection,Excessive tiredness
Haemophilus influenzae infection,Nails may turn blue from lack of oxygen
"Hand, foot and mouth disease (HFMD)",fever
"Hand, foot and mouth disease (HFMD)",nausea
"Hand, foot and mouth disease (HFMD)",vomiting
"Hand, foot and mouth disease (HFMD)",feeling tired
"Hand, foot and mouth disease (HFMD)",generalized discomfort
"Hand, foot and mouth disease (HFMD)",loss of appetite
"Hand, foot and mouth disease (HFMD)",irritability in infants and toddlers
"Hand, foot and mouth disease (HFMD)",skin lesions
"Hand, foot and mouth disease (HFMD)",flat discolored spots
"Hand, foot and mouth disease (HFMD)",vesicular sores
"Hand, foot and mouth disease (HFMD)",rash
"Hand, foot and mouth disease (HFMD)",Painful facial ulcers
"Hand, foot and mouth disease (HFMD)",blisters in or around the nose or mouth
Hantavirus Pulmonary Syndrome (HPS),fever
Hantavirus Pulmonary Syndrome (HPS),cough
Hantavirus Pulmonary Syndrome (HPS),muscle pain
Hantavirus Pulmonary Syndrome (HPS),headache
Hantavirus Pulmonary Syndrome (HPS),lethargy
Hantavirus Pulmonary Syndrome (HPS),Pulmonary Edema
Heartland virus disease,fever
Heartland virus disease,lethargy
Heartland virus disease,weakness
Heartland virus disease,headaches
Heartland virus disease,muscle pain
Heartland virus disease,myalgia
Heartland virus disease,loss of appetite
Heartland virus disease,nausea
Heartland virus disease,diarrhea
Heartland virus disease,weight loss
Heartland virus disease,joint pain
Heartland virus disease,arthralgia
Heartland virus disease,low white blood cell count
Heartland virus disease,leukopenia
Heartland virus disease,easy bruising from low platelet count
Heartland virus disease,thrombocytopenia
Heartland virus disease,Elevated liver transaminases
Helicobacter pylori infection,abdominal pain
Helicobacter pylori infection,stomach ache
Helicobacter pylori infection,nausea
Helicobacter pylori infection,stomach pains
Helicobacter pylori infection,nausea
Helicobacter pylori infection,bloating
Helicobacter pylori infection,belching
Helicobacter pylori infection,vomiting
Helicobacter pylori infection,black stool
Hemolytic-uremic syndrome (HUS),diarrhea
Hemolytic-uremic syndrome (HUS),bloody diarrhea
Hemolytic-uremic syndrome (HUS),hemorrhagic colitis
Hemolytic-uremic syndrome (HUS),decreased urine output
Hemolytic-uremic syndrome (HUS),oliguria
Hemolytic-uremic syndrome (HUS),blood in the urine
Hemolytic-uremic syndrome (HUS),hematuria
Hemolytic-uremic syndrome (HUS),kidney failure
Hemolytic-uremic syndrome (HUS),thrombocytopenia
Hemolytic-uremic syndrome (HUS),low levels of platelets
Hemolytic-uremic syndrome (HUS),destruction of red blood cells
Hemolytic-uremic syndrome (HUS),microangiopathic hemolytic anemia
Hemolytic-uremic syndrome (HUS),hypertension
Hemolytic-uremic syndrome (HUS),neurologic changes
Hemolytic-uremic syndrome (HUS),abdominal pain
Hemolytic-uremic syndrome (HUS),low platelet count
Hemolytic-uremic syndrome (HUS),elevated lactate dehydrogenase LDH
Hemolytic-uremic syndrome (HUS),decreased haptoglobin
Hemolytic-uremic syndrome (HUS),anemia
Hemolytic-uremic syndrome (HUS),elevated creatinine
Hemolytic-uremic syndrome (HUS),proteinuria
Hemolytic-uremic syndrome (HUS),confusion
Hemolytic-uremic syndrome (HUS),fatigue
Hemolytic-uremic syndrome (HUS),edema
Hemolytic-uremic syndrome (HUS),swelling
Hemolytic-uremic syndrome (HUS),nausea
Hemolytic-uremic syndrome (HUS),vomiting
Hemolytic-uremic syndrome (HUS),acute kidney failure
Hemolytic-uremic syndrome (HUS),myocardial infarction
Hemolytic-uremic syndrome (HUS),heart attack
Hemolytic-uremic syndrome (HUS),stroke
Hemolytic-uremic syndrome (HUS),lung complications
Hemolytic-uremic syndrome (HUS),pancreatitis
Hemolytic-uremic syndrome (HUS),inflammation of the pancreas
Hemolytic-uremic syndrome (HUS),liver necrosis
Hemolytic-uremic syndrome (HUS),death of liver cells or tissue
Hemolytic-uremic syndrome (HUS),encephalopathy
Hemolytic-uremic syndrome (HUS),brain dysfunction
Hemolytic-uremic syndrome (HUS),seizure
Hemolytic-uremic syndrome (HUS),coma
Hemorrhagic fever with renal syndrome (HFRS),intense headaches
Hemorrhagic fever with renal syndrome (HFRS),back pain
Hemorrhagic fever with renal syndrome (HFRS),abdominal pain
Hemorrhagic fever with renal syndrome (HFRS),fever
Hemorrhagic fever with renal syndrome (HFRS),chills
Hemorrhagic fever with renal syndrome (HFRS),nausea
Hemorrhagic fever with renal syndrome (HFRS),blurred vision
Hemorrhagic fever with renal syndrome (HFRS),flushing of the face
Hemorrhagic fever with renal syndrome (HFRS),inflammation of the eyes
Hemorrhagic fever with renal syndrome (HFRS),redness of the eyes
Hemorrhagic fever with renal syndrome (HFRS),rash
Hemorrhagic fever with renal syndrome (HFRS),low blood pressure
Hemorrhagic fever with renal syndrome (HFRS),acute shock
Hemorrhagic fever with renal syndrome (HFRS),vascular leakage
Hemorrhagic fever with renal syndrome (HFRS),acute kidney failure
Hemorrhagic fever with renal syndrome (HFRS),severe fluid overload
Hemorrhagic fever with renal syndrome (HFRS),redness of cheeks
Hemorrhagic fever with renal syndrome (HFRS),redness of nose
Hemorrhagic fever with renal syndrome (HFRS),chills
Hemorrhagic fever with renal syndrome (HFRS),sweaty palms
Hemorrhagic fever with renal syndrome (HFRS),diarrhea
Hemorrhagic fever with renal syndrome (HFRS),malaise
Hemorrhagic fever with renal syndrome (HFRS),headaches
Hemorrhagic fever with renal syndrome (HFRS),respiratory problems
Hemorrhagic fever with renal syndrome (HFRS),hypotensive
Hemorrhagic fever with renal syndrome (HFRS),diuretic
Hemorrhagic fever with renal syndrome (HFRS),permanent renal failure
Hepatitis A,Fatigue
Hepatitis A,Fever
Hepatitis A,Nausea
Hepatitis A,Appetite loss
Hepatitis A,Jaundice
Hepatitis A,Bile with dark amber colour
Hepatitis A,Diarrhea
Hepatitis A,"Light, or clay-coloured faeces"
Hepatitis A,acholic faeces
Hepatitis A,Abdominal discomfort
Hepatitis B,general ill-health
Hepatitis B,loss of appetite
Hepatitis B,nausea
Hepatitis B,vomiting
Hepatitis B,body aches
Hepatitis B,mild fever
Hepatitis B,dark urine
Hepatitis B,jaundice
Hepatitis B,liver disease
Hepatitis B,fulminant hepatic failure
Hepatitis B,fever
Hepatitis B,rash
Hepatitis B,polyarteritis
Hepatitis B,aplastic anemia
Hepatitis C,decreased appetite
Hepatitis C,fatigue
Hepatitis C,nausea
Hepatitis C,muscle pain
Hepatitis C,joint pains
Hepatitis C,weight loss
Hepatitis C,acute liver failure
Hepatitis C,Liver cirrhosis
Hepatitis C,ascites (accumulation of fluid in the abdomen)
Hepatitis C,"jaundice, and a syndrome of cognitive impairment known as hepatic "
Hepatitis D,Asymptomatic
Hepatitis E,jaundice
Hepatitis E,fatigue
Hepatitis E,nausea
Hepatitis E,liver fibrosis
Hepatitis E,cirrhosis
Herpes simplex,orofacial herpes
Herpes simplex,genital herpes
Herpes simplex,herpetic whitlow
Herpes simplex,herpes keratitis
Herpes simplex,herpes encephalitis
Histoplasmosis,cough
Histoplasmosis,flu-like
Histoplasmosis,hepatosplenomegaly
Histoplasmosis,lymphadenopathy
Histoplasmosis,adrenal enlargement
Histoplasmosis,loss of vision
Hookworm infection,Coughing
Hookworm infection,chest pain
Hookworm infection,wheezing
Hookworm infection,fever
Hookworm infection,Epigastric pains
Hookworm infection,indigestion
Hookworm infection,nausea
Hookworm infection,vomiting
Hookworm infection,constipation
Hookworm infection,diarrhea
Hookworm infection,anemia
Hookworm infection,emaciation
Hookworm infection,cardiac failure
Hookworm infection,abdominal distension with ascites
Hookworm infection,itching
Human bocavirus infection,coughing
Human bocavirus infection,wheezing
Human bocavirus infection,fever
Human bocavirus infection,bronchopneumonia
Human bocavirus infection,bronchiolitis
Human bocavirus infection,diarrhea
Human bocavirus infection,acute flaccid paralysis
Human bocavirus infection,respiratory disease
Human ewingii ehrlichiosis,fever
Human ewingii ehrlichiosis,headache
Human ewingii ehrlichiosis,myalgias
Human ewingii ehrlichiosis,malaise
Human ewingii ehrlichiosis,thrombocytopenia
Human ewingii ehrlichiosis,leukopenia
Human ewingii ehrlichiosis,liver damage
Human granulocytic anaplasmosis (HGA),fever
Human granulocytic anaplasmosis (HGA),severe headache
Human granulocytic anaplasmosis (HGA),muscle aches
Human granulocytic anaplasmosis (HGA),myalgia
Human granulocytic anaplasmosis (HGA),chills 
Human granulocytic anaplasmosis (HGA),shaking
Human granulocytic anaplasmosis (HGA),nausea
Human granulocytic anaplasmosis (HGA),vomiting
Human granulocytic anaplasmosis (HGA),loss of appetite
Human granulocytic anaplasmosis (HGA),unintentional weight loss
Human granulocytic anaplasmosis (HGA),abdominal pain
Human granulocytic anaplasmosis (HGA),cough
Human granulocytic anaplasmosis (HGA),"diarrhea,"
Human granulocytic anaplasmosis (HGA),aching joints
Human granulocytic anaplasmosis (HGA),sensitivity to light
Human granulocytic anaplasmosis (HGA),weakness
Human granulocytic anaplasmosis (HGA),fatigue
Human granulocytic anaplasmosis (HGA),change in mental status
Human granulocytic anaplasmosis (HGA),extreme confusion
Human granulocytic anaplasmosis (HGA),memory loss
Human granulocytic anaplasmosis (HGA),inability to comprehend environment
Human granulocytic anaplasmosis (HGA),temporary loss of basic motor skills
Human metapneumovirus infection,mild respiratory tract infection
Human monocytic ehrlichiosis,fever
Human monocytic ehrlichiosis,headache
Human monocytic ehrlichiosis,malaise
Human monocytic ehrlichiosis,muscle aches
Human monocytic ehrlichiosis,myalgia
Human monocytic ehrlichiosis,rash
Human monocytic ehrlichiosis,thrombocytopenia
Human monocytic ehrlichiosis,leukopenia
Human monocytic ehrlichiosis,asymptomatic
Human monocytic ehrlichiosis,septic
Human monocytic ehrlichiosis,toxic shock-like picture
Human papillomavirus (HPV) infection,Asymptomatic
Human parainfluenza virus infection,cold
Human parainfluenza virus infection,sore throat
Human parainfluenza virus infection,pneumonia
Hymenolepiasis,abdominal pain
Hymenolepiasis,loss of appetite
Hymenolepiasis,itching around the anus
Hymenolepiasis,irritability
Hymenolepiasis,diarrhea
Hymenolepiasis,enteritis
Hymenolepiasis,loss of appetite
Hymenolepiasis,restlessness
Hymenolepiasis,restless sleep
Hymenolepiasis,anal pruritus
Hymenolepiasis,nasal pruritus
Hymenolepiasis,increased appetite
Hymenolepiasis,vomiting
Hymenolepiasis,nausea
Hymenolepiasis,bloody diarrhea
Hymenolepiasis,hives
Hymenolepiasis,extremity pain
Hymenolepiasis,headache
Hymenolepiasis,dizziness
Hymenolepiasis,behavioral disturbances
Hymenolepiasis,epileptic seizures
Epstein每Barr virus infectious mononucleosis (Mono),flu-like symptoms
Epstein每Barr virus infectious mononucleosis (Mono),Fever
Epstein每Barr virus infectious mononucleosis (Mono),Sore throat
Epstein每Barr virus infectious mononucleosis (Mono),Swollen glands
Epstein每Barr virus infectious mononucleosis (Mono),feeling tired
Epstein每Barr virus infectious mononucleosis (Mono),Headaches
Epstein每Barr virus infectious mononucleosis (Mono),abdominal pains
Epstein每Barr virus infectious mononucleosis (Mono),nausea
Epstein每Barr virus infectious mononucleosis (Mono),vomiting
Epstein每Barr virus infectious mononucleosis (Mono),fatigue
Epstein每Barr virus infectious mononucleosis (Mono),Mild fever
Epstein每Barr virus infectious mononucleosis (Mono),swollen neck glands
Epstein每Barr virus infectious mononucleosis (Mono),body aches
Epstein每Barr virus infectious mononucleosis (Mono),pharyngitis
Epstein每Barr virus infectious mononucleosis (Mono),Spleen enlargement
Epstein每Barr virus infectious mononucleosis (Mono),rash
Epstein每Barr virus infectious mononucleosis (Mono),sore throat
Epstein每Barr virus infectious mononucleosis (Mono),lymphadenopathy
Epstein每Barr virus infectious mononucleosis (Mono),liver enlargement
Epstein每Barr virus infectious mononucleosis (Mono),jaundice
Influenza (flu),Fever
Influenza (flu),extreme coldness
Influenza (flu),chills shivering
Influenza (flu),shaking
Influenza (flu),Cough
Influenza (flu),Nasal congestion
Influenza (flu),Runny nose
Influenza (flu),Sneezing
Influenza (flu),"Body aches, especially joints and throat"
Influenza (flu),Fatigue
Influenza (flu),Headache
Influenza (flu),watering eyes
Influenza (flu),Petechial rash
Influenza (flu),diarrhea
Influenza (flu),abdominal pain
Influenza (flu),Reddened eyes
Influenza (flu),Reddened skin
Influenza (flu),Reddened mouth
Influenza (flu),Reddened throat
Influenza (flu),Reddened nose
Isosporiasis,diarrhea
Isosporiasis,abdominal pain
Isosporiasis,malabsorption
Isosporiasis,weight loss
Isosporiasis,eosinophilia
Kawasaki disease,fever
Kawasaki disease,extreme irritability
Kawasaki disease,cardiac involvement
Kawasaki disease,bilateral conjunctival inflammation 
Kawasaki disease,iritis
Kawasaki disease,keratic precipitates
Kawasaki disease,red tongue
Kawasaki disease,swollen lips with vertical cracking and bleeding
Kawasaki disease,strawberry tongue
Kawasaki disease,cervical lymphadenopathy
Kawasaki disease,GIT
Kawasaki disease,chest pain
Kawasaki disease,abdominal pain
Kawasaki disease,vomiting
Kawasaki disease,liver dysfunction
Kawasaki disease,pancreatitis
Kawasaki disease,hydrops gallbladder
Kawasaki disease,parotitis
Kawasaki disease,cholangitis
Kawasaki disease,intussusception
Kawasaki disease,intestinal pseudo-obstruction
Kawasaki disease,ascites
Kawasaki disease,splenic infarction
Kawasaki disease,Polyarthritis
Kawasaki disease,arthralgia
Kawasaki disease,Myocarditis
Kawasaki disease,pericarditis
Kawasaki disease,tachycardia
Kawasaki disease,valvular heart disease
Keratitis,pain
Keratitis,impaired eyesight
Keratitis,photophobia
Keratitis,red eye and a 'gritty' sensation
Kuru,truncal ataxia
Kuru,headaches
Kuru,joint pains
Kuru,shaking of the limbs
Kuru,ambulant stage
Kuru,exhibits unsteady stance and gait
Kuru,decreased muscle control
Kuru,tremors
Kuru,dysarthria
Kuru,ataxia
Kuru,severe tremors
Kuru,emotionally unstable
Kuru,depressed
Kuru,incapable of sitting without support
Kuru,unable to speak
Kuru,incontinent
Kuru,dysphagia
Kuru,chronic ulcerated wounds
Lassa fever,Nausea
Lassa fever,Vomiting
Lassa fever,Diarrhea
Lassa fever,Stomach ache
Lassa fever,Constipation
Lassa fever,Dysphagia
Lassa fever,difficulty swallowing
Lassa fever,Hepatitis
Lassa fever,Pericarditis
Lassa fever,Hypertension
Lassa fever,Hypotension
Lassa fever,Tachycardia
Lassa fever,abnormally high heart rate
Lassa fever,Cough
Lassa fever,Chest pain
Lassa fever,Dyspnoea
Lassa fever,Pharyngitis
Lassa fever,Pleuritis
Lassa fever,Encephalitis
Lassa fever,Meningitis
Lassa fever,Unilateral or bilateral hearing deficit
Lassa fever,Seizures
Legionellosis (Legionnaires' disease),fever
Legionellosis (Legionnaires' disease),chills
Legionellosis (Legionnaires' disease),cough
Legionellosis (Legionnaires' disease),cough with sputum
Legionellosis (Legionnaires' disease),cough up blood or bloody sputum
Legionellosis (Legionnaires' disease),muscle aches
Legionellosis (Legionnaires' disease),headache
Legionellosis (Legionnaires' disease),tiredness
Legionellosis (Legionnaires' disease),loss of appetite
Legionellosis (Legionnaires' disease),loss of coordination
Legionellosis (Legionnaires' disease),ataxia
Legionellosis (Legionnaires' disease),chest pain
Legionellosis (Legionnaires' disease),diarrhea
Legionellosis (Legionnaires' disease),vomiting
Legionellosis (Legionnaires' disease),confusion
Legionellosis (Legionnaires' disease),impaired cognition
Legionellosis (Legionnaires' disease),relative bradycardia
Legionellosis (Legionnaires' disease),muscle aches
Legionellosis (Legionnaires' disease),pneumonia
Legionellosis (Pontiac fever),fever
Legionellosis (Pontiac fever),chills
Legionellosis (Pontiac fever),cough
Legionellosis (Pontiac fever),cough with sputum
Legionellosis (Pontiac fever),cough up blood or bloody sputum
Legionellosis (Pontiac fever),muscle aches
Legionellosis (Pontiac fever),headache
Legionellosis (Pontiac fever),tiredness
Legionellosis (Pontiac fever),loss of appetite
Legionellosis (Pontiac fever),loss of coordination
Legionellosis (Pontiac fever),ataxia
Legionellosis (Pontiac fever),chest pain
Legionellosis (Pontiac fever),diarrhea
Legionellosis (Pontiac fever),vomiting
Legionellosis (Pontiac fever),confusion
Legionellosis (Pontiac fever),impaired cognition
Legionellosis (Pontiac fever),relative bradycardia
Legionellosis (Pontiac fever),muscle aches
Legionellosis (Pontiac fever),pneumonia
Leishmaniasis,skin sores
Leishmaniasis,fever
Leishmaniasis,damage to the spleen and liver
Leishmaniasis,damage to the liver
Leishmaniasis,anemia
Leishmaniasis,enlarged spleen
Leprosy,granulomatous disease of the peripheral nerves and mucosa of the upper respiratory tract
Leprosy,skin lesions (light or dark patches)
Leptospirosis,chills
Leptospirosis,intense headache
Leptospirosis,severe myalgia
Leptospirosis,muscle ache
Leptospirosis,abdominal pain
Leptospirosis,conjunctival suffusion
Leptospirosis,red eye
Leptospirosis,rash.
Leptospirosis,meningitis
Leptospirosis,liver damage
Leptospirosis,jaundice
Leptospirosis,kidney failure
Leptospirosis,bleeding
Leptospirosis,extreme fatigue
Leptospirosis,hearing loss
Leptospirosis,respiratory distress
Leptospirosis,azotemia
Listeriosis,fever
Listeriosis,muscle aches
Listeriosis,headache
Listeriosis,stiff neck
Listeriosis,confusion
Listeriosis,loss of balance
Listeriosis,convulsions
Listeriosis,diarrhea
Lyme disease (Lyme borreliosis),facial palsy
Lyme disease (Lyme borreliosis),meningitis
Lyme disease (Lyme borreliosis),headaches
Lyme disease (Lyme borreliosis),neck stiffness
Lyme disease (Lyme borreliosis),sensitivity to light
Lyme disease (Lyme borreliosis),Inflammation of the spinal cord's nerve roots
Lyme disease (Lyme borreliosis),Mild encephalitis
Lyme disease (Lyme borreliosis),memory loss
Lyme disease (Lyme borreliosis),sleep disturbances
Lyme disease (Lyme borreliosis),mood changes
Lyme disease (Lyme borreliosis),"shooting pains, numbness, and tingling in the hands or feet"
Lyme disease (Lyme borreliosis),cognitive difficulties
Lyme disease (Lyme borreliosis),insomnia
Lyme disease (Lyme borreliosis),cognitive impairment
Lyme disease (Lyme borreliosis),brain fog
Lyme disease (Lyme borreliosis),migraines
Lyme disease (Lyme borreliosis),balance issues
Lyme disease (Lyme borreliosis),weakness in the legs
Lyme disease (Lyme borreliosis),awkward gait
Lyme disease (Lyme borreliosis),facial palsy
Lyme disease (Lyme borreliosis),bladder problems
Lyme disease (Lyme borreliosis),vertigo
Lyme disease (Lyme borreliosis),back pain
Lymphatic filariasis (Elephantiasis),elephantiasis
Lymphatic filariasis (Elephantiasis),river blindness
Lymphatic filariasis (Elephantiasis),abdominal pain
Lymphatic filariasis (Elephantiasis),swelling of the lower half of the body
Lymphocytic choriomeningitis,fever
Lymphocytic choriomeningitis,lack of appetite
Lymphocytic choriomeningitis,headache
Lymphocytic choriomeningitis,muscle aches
Lymphocytic choriomeningitis,malaise
Lymphocytic choriomeningitis,nausea
Lymphocytic choriomeningitis,vomiting
Lymphocytic choriomeningitis,sore throat
Lymphocytic choriomeningitis,cough
Lymphocytic choriomeningitis,joint pain
Lymphocytic choriomeningitis,chest pain
Lymphocytic choriomeningitis,parotid pain
Lymphocytic choriomeningitis,meningitis
Lymphocytic choriomeningitis,encephalitis
Lymphocytic choriomeningitis,leukopenia
Lymphocytic choriomeningitis,thrombocytopenia
Lymphocytic choriomeningitis,aseptic meningitis
Lymphocytic choriomeningitis,meningoencephalitis
Lymphocytic choriomeningitis,confusion
Lymphocytic choriomeningitis,drowsiness
Lymphocytic choriomeningitis,sensory abnormalities
Malaria,headache
Malaria,fever
Malaria,shivering
Malaria,joint pain
Malaria,vomiting
Malaria,hemolytic anemia
Malaria,jaundice
Malaria,hemoglobin in the urine
Malaria,retinal damage
Malaria,convulsions
Malaria,sudden coldness
Malaria,shivering
Malaria,fever
Malaria,sweating
Malaria,abnormal posturing
Malaria,nystagmus
Malaria,conjugate gaze palsy
Malaria,opisthotonus
Malaria,seizures
Malaria,coma
Measles,cough
Measles,coryza
Measles,head cold
Measles,fever
Measles,sneezing
Measles,conjunctivitis
Measles,red eyes
Measles,fever
Measles,measles rash
Measles,red maculopapular rash
Measles,itching
Middle East respiratory syndrome (MERS),fever
Middle East respiratory syndrome (MERS),cough
Middle East respiratory syndrome (MERS),expectoration
Middle East respiratory syndrome (MERS),shortness of breath
Middle East respiratory syndrome (MERS),myalgia
Middle East respiratory syndrome (MERS),diarrhea
Middle East respiratory syndrome (MERS),vomiting
Middle East respiratory syndrome (MERS),abdominal pain
Middle East respiratory syndrome (MERS),acute respiratory distress syndrome (ARDS)
Middle East respiratory syndrome (MERS),Kidney failure
Middle East respiratory syndrome (MERS),disseminated intravascular coagulation (DIC)
Middle East respiratory syndrome (MERS),pericarditis
Melioidosis (Whitmore's disease),fever
Melioidosis (Whitmore's disease),pain
Melioidosis (Whitmore's disease),cough
Melioidosis (Whitmore's disease),pleuritic chest pain
Melioidosis (Whitmore's disease),pneumonia
Melioidosis (Whitmore's disease),bone pain
Melioidosis (Whitmore's disease),joint pain
Melioidosis (Whitmore's disease),Intra-abdominal infection
Melioidosis (Whitmore's disease),focal pain
Melioidosis (Whitmore's disease),prostatic abscesses
Melioidosis (Whitmore's disease),diabetes
Melioidosis (Whitmore's disease),thalassemia
Melioidosis (Whitmore's disease),hazardous alcohol use
Melioidosis (Whitmore's disease),renal disease
Melioidosis (Whitmore's disease),melioidosis
Melioidosis (Whitmore's disease),intravascular infection
Melioidosis (Whitmore's disease),lymph node abscesses
Melioidosis (Whitmore's disease),pyopericardium
Melioidosis (Whitmore's disease),myocarditis
Melioidosis (Whitmore's disease),mediastinal infection
Melioidosis (Whitmore's disease),thyroid abscesses
Melioidosis (Whitmore's disease),scrotal abscesses
Melioidosis (Whitmore's disease),ocular infection
Melioidosis (Whitmore's disease),chronic skin infections
Melioidosis (Whitmore's disease),chronic lung nodule
Melioidosis (Whitmore's disease),pneumonia
Meningitis,severe headache
Meningitis,nuchal rigidity
Meningitis,high fever
Meningitis,altered mental status
Meningitis,photophobia
Meningitis,phonophobia
Meningitis,intolerance to bright light
Meningitis,intolerance to loud noises
Meningitis,irritable
Meningitis,leg pain
Meningitis,cold extremities
Meningitis,abnormal skin color
Meningococcal disease,petechial rash
Meningococcal disease,red or brownish pinprick spots
Meningococcal disease,purple bruising
Meningococcal disease,meningococcal rash
Metagonimiasis,diarrhea
Metagonimiasis,abdominal pain
Metagonimiasis,chronic intermittent diarrhea
Metagonimiasis,nausea
Metagonimiasis,vague abdominal pains.
Metagonimiasis,lethargy
Metagonimiasis,anorexia
Metagonimiasis,epigastric distress
Metagonimiasis,fatigue
Metagonimiasis,malaise
Metagonimiasis,seizures
Metagonimiasis,neurologic deficits
Metagonimiasis,cardiac insufficiency
Microsporidiosis,opportunistic intestinal infection
Microsporidiosis,diarrhea
Molluscum contagiosum (MC),flesh-colored
Molluscum contagiosum (MC),dome-shaped
Molluscum contagiosum (MC),pearly in appearance
Monkeypox,swelling of lymph nodes
Monkeypox,muscle pain
Monkeypox,headache
Monkeypox,fever
Monkeypox,rash
Mumps,low-grade fever
Mumps,headache
Mumps,malaise
Mumps,parotid gland swelling 
Mumps,dry mouth
Mumps,sore face
Mumps,sore ears
Mumps,difficult to talk
Murine typhus (Endemic typhus),headache
Murine typhus (Endemic typhus),fever
Murine typhus (Endemic typhus),muscle pain
Murine typhus (Endemic typhus),joint pain
Murine typhus (Endemic typhus),nausea
Murine typhus (Endemic typhus),discrete rash
Murine typhus (Endemic typhus),confusion
Murine typhus (Endemic typhus),stupor
Murine typhus (Endemic typhus),seizures
Murine typhus (Endemic typhus),imbalance
Mycoplasma pneumonia,pharyngitis
Mycoplasma pneumonia,bronchitis
Mycoplasma pneumonia,pneumonia
Myiasis,Cutaneous Myiasis
Myiasis,ulcers
Myiasis,sores
Myiasis,facial edema
Myiasis,fever
Myiasis,ophthalmomyiasis
Myiasis,irritation
Myiasis,edema
Myiasis,pain
Neonatal conjunctivitis (Ophthalmia neonatorum),Pain and tenderness in the eyeball
Neonatal conjunctivitis (Ophthalmia neonatorum),Conjunctival discharge
Neonatal conjunctivitis (Ophthalmia neonatorum),Conjunctiva hyperaemia and chemosis
Neonatal conjunctivitis (Ophthalmia neonatorum),Eyelids swollen
Neonatal conjunctivitis (Ophthalmia neonatorum),Corneal involvement
Nocardiosis,night sweats
Nocardiosis,fever
Nocardiosis,cough
Nocardiosis,chest pain
Nocardiosis,Headache
Nocardiosis,lethargy
Nocardiosis,confusion
Nocardiosis,seizures
Nocardiosis,sudden onset of neurological deficit
Nocardiosis,cardiac conditions
Onchocerciasis (River blindness),intense itching
Onchocerciasis (River blindness),swelling
Onchocerciasis (River blindness),inflammation
Onchocerciasis (River blindness),itchy
Onchocerciasis (River blindness),severe rashes
Opisthorchiasis,diarrhoea
Opisthorchiasis,pain in epigastric
Opisthorchiasis,pain in the upper right quadrant
Opisthorchiasis,lack of appetite
Opisthorchiasis,anorexia
Opisthorchiasis,fatigue
Opisthorchiasis,yellowing of the eyes
Opisthorchiasis,yellowing of the skin
Opisthorchiasis,jaundice
Opisthorchiasis,mild fever
Opisthorchiasis,periductal fibrosis
Opisthorchiasis,cholecystitis
Opisthorchiasis,cholelithiasis
Opisthorchiasis,obstructive jaundice
Opisthorchiasis,hepatomegaly
Opisthorchiasis,fibrosis of the periportal system
Paracoccidioidomycosis (South American blastomycosis),asymptomatic
Paracoccidioidomycosis (South American blastomycosis),high prostrating fever
Paracoccidioidomycosis (South American blastomycosis),lymphadenopathy
Paracoccidioidomycosis (South American blastomycosis),pulmonary involvement and milliary lesions
Paracoccidioidomycosis (South American blastomycosis),Painful lesions with a violaceous hue in lips and oral mucosa
Paracoccidioidomycosis (South American blastomycosis),Pulmonary involvement 
Paracoccidioidomycosis (South American blastomycosis),lobar pneumonia
Paracoccidioidomycosis (South American blastomycosis),pleurisy
Paracoccidioidomycosis (South American blastomycosis),febrile
Paracoccidioidomycosis (South American blastomycosis),coughs
Paracoccidioidomycosis (South American blastomycosis),loses weight
Paragonimiasis,diarrhea
Paragonimiasis,abdominal pain
Paragonimiasis,fever
Paragonimiasis,cough
Paragonimiasis,urticaria
Paragonimiasis,hepatosplenomegaly
Paragonimiasis,pulmonary abnormalities
Paragonimiasis,eosinophilia
Paragonimiasis,cough
Paragonimiasis,expectoration of discolored sputum containing clumps of eggs
Paragonimiasis,hemoptysis
Paragonimiasis,chest radiographic abnormalities
Pasteurellosis,edema
Pasteurellosis,severe pain
Pasteurellosis,serosanguineous exudate
Pasteurellosis,fever
Pasteurellosis,vomiting
Pasteurellosis,headache
Pasteurellosis,diarrhea. 
Pasteurellosis,lymphangitis 
Pasteurellosis,septic arthritis
Pasteurellosis,"osteitis,"
Pasteurellosis,high fever
Pasteurellosis,rigors
Pasteurellosis,shock
Pasteurellosis,coagulopathy
Pasteurellosis,pneumonia disease
Pasteurellosis,meningitis
Pasteurellosis,acute endocarditis
Pediculosis capitis (Head lice),itching of the head
Pediculosis capitis (Head lice),swelling of the local lymph nodes
Pediculosis capitis (Head lice),fever 
Pediculosis capitis (Head lice),skin breakdown
Pediculosis capitis (Head lice),bacterial infection
Pediculosis corporis (Body lice),itching
Pediculosis corporis (Body lice),epidemic typhus
Pediculosis corporis (Body lice),trench fever
Pediculosis corporis (Body lice),relapsing fever
"Pediculosis pubis (Pubic lice, Crab lice)",itching
"Pediculosis pubis (Pubic lice, Crab lice)",characteristic grey-blue coloration macule
"Pediculosis pubis (Pubic lice, Crab lice)",slate coloration macule 
"Pediculosis pubis (Pubic lice, Crab lice)",maculae caeruleae
Pelvic inflammatory disease (PID),fever
Pelvic inflammatory disease (PID),cervical motion tenderness
Pelvic inflammatory disease (PID),lower abdominal pain
Pelvic inflammatory disease (PID),new or different discharge
Pelvic inflammatory disease (PID),painful intercourse
Pelvic inflammatory disease (PID),uterine tenderness
Pelvic inflammatory disease (PID),adnexal tenderness
Pelvic inflammatory disease (PID),irregular menstruation 
Pelvic inflammatory disease (PID),endometritis
Pelvic inflammatory disease (PID),salpingitis
Pelvic inflammatory disease (PID),tubo-ovarian abscess
Pelvic inflammatory disease (PID),pelvic peritonitis
Pelvic inflammatory disease (PID),periappendicitis
Pelvic inflammatory disease (PID),perihepatitis
Pertussis (Whooping cough),paroxysmal cough
Pertussis (Whooping cough),inspiratory whoop
Pertussis (Whooping cough),fainting
Pertussis (Whooping cough),vomiting
Pertussis (Whooping cough),subconjunctival hemorrhages
Pertussis (Whooping cough),rib fractures
Pertussis (Whooping cough),urinary incontinence
Pertussis (Whooping cough),hernias
Pertussis (Whooping cough),vertebral artery dissection
Pertussis (Whooping cough),pleura to rupture
Pertussis (Whooping cough),pneumothorax
Pertussis (Whooping cough),paroxysmal cough
Pertussis (Whooping cough),posttussive emesis
Pertussis (Whooping cough),mild coughing
Pertussis (Whooping cough),sneezing
Pertussis (Whooping cough),runny nose
Plague,severe haemorrhagic inflammation
Plague,expand lymph nodes
Plague,bleeding into the skin and other organs
Plague,red patchy rash
Plague,black patchy rash
Plague,hemoptysis
Plague,hematemesis
Plague,coughing up
Plague,vomiting of blood
Plague,bumps on the skin
Plague,coughing
Plague,sneezing
Plague,headache
Plague,weakness
Plague,hemoptysis
Plague,hematemesis
Plague,spitting
Plague,vomiting of blood
Plague,tonsillitis
Pneumococcal infection,otitis media
Pneumococcal infection,sinusitis
Pneumococcal infection,pneumonia
Pneumococcal infection,meningitis
Pneumococcal infection,brain abscess
Pneumococcal infection,septic arthritis
Pneumococcal infection,osteomyelitis
Pneumococcal infection,influenza
Pneumocystis pneumonia (PCP),fever
Pneumocystis pneumonia (PCP),non-productive cough
Pneumocystis pneumonia (PCP),shortness of breath
Pneumocystis pneumonia (PCP),weight loss
Pneumocystis pneumonia (PCP),night sweats
Pneumocystis pneumonia (PCP),pneumothorax
Pneumocystis pneumonia (PCP),chest pain
Pneumocystis pneumonia (PCP),breathlessness
Pneumocystis pneumonia (PCP),diminished breath sounds
Pneumonia,cough
Pneumonia,fever
Pneumonia,shaking chills
Pneumonia,shortness of breath
Pneumonia,sharp or stabbing chest pain during deep breaths
Pneumonia,increased rate of breathing
Pneumonia,confusion
Pneumonia,fast breathing
Pneumonia,difficult breathing
Pneumonia,blue-tinged skin
Pneumonia,unwillingness to drink
Pneumonia,convulsions
Pneumonia,ongoing vomiting
Pneumonia,extremes of temperature
Pneumonia,decreased level of consciousness
Pneumonia,abdominal pain
Pneumonia,diarrhea
Pneumonia,bloody sputum
Pneumonia,hemoptysis
Pneumonia,swelling of the lymph nodes in the neck
Pneumonia,joint pain
Pneumonia,middle ear infection
Poliomyelitis,upper respiratory tract infection
Poliomyelitis,sore throat
Poliomyelitis,fever
Poliomyelitis,gastrointestinal disturbances
Poliomyelitis,nausea
Poliomyelitis,vomiting
Poliomyelitis,abdominal pain
Poliomyelitis,constipation
Poliomyelitis,rarely
Poliomyelitis,diarrhea
Poliomyelitis,influenza-like illness
Poliomyelitis,nonparalytic aseptic meningitis
Poliomyelitis,headache
Poliomyelitis,neck
Poliomyelitis,back
Poliomyelitis,abdominal pain
Poliomyelitis,extremity pain
Poliomyelitis,lethargy
Poliomyelitis,irritability.
Poliomyelitis,muscles weakness
Poliomyelitis,paralyzed
Poliomyelitis,confusion
Poliomyelitis,changes in mental status
Poliomyelitis,headaches
Poliomyelitis,seizures
Poliomyelitis,spastic paralysis
Prevotella infection,aspiration pneumonia
Prevotella infection,lung abscess
Prevotella infection,pulmonary empyema
Prevotella infection,chronic otitis media
Prevotella infection,sinusitis
Prevotella infection,urinary tract infection
Prevotella infection,brain abscesses
Prevotella infection,osteomyelitis
Prevotella infection,bacteremia
Prevotella infection,rheumatoid arthritis
Primary amoebic meningoencephalitis (PAM),changes in taste
Primary amoebic meningoencephalitis (PAM),changes in smell
Primary amoebic meningoencephalitis (PAM),headache
Primary amoebic meningoencephalitis (PAM),fever
Primary amoebic meningoencephalitis (PAM),nausea
Primary amoebic meningoencephalitis (PAM),vomiting
Primary amoebic meningoencephalitis (PAM),stiff neck
Primary amoebic meningoencephalitis (PAM),confusion
Primary amoebic meningoencephalitis (PAM),hallucinations
Primary amoebic meningoencephalitis (PAM),lack of attention
Primary amoebic meningoencephalitis (PAM),ataxia
Primary amoebic meningoencephalitis (PAM),seizures
Progressive multifocal leukoencephalopathy,clumsiness
Progressive multifocal leukoencephalopathy,weakness
Progressive multifocal leukoencephalopathy,personality changes
Progressive multifocal leukoencephalopathy,alien hand syndrome
Psittacosis,severe pneumonia
Psittacosis,prostrating high fevers
Psittacosis,"joint pains, diarrhea"
Psittacosis,conjunctivitis
Psittacosis,nose bleeds
Psittacosis,low level of white blood cells in the blood
Psittacosis,Rose spots
Psittacosis,Spleen enlargement
Psittacosis,splenomegaly
Psittacosis,epistaxis
Psittacosis,Headache
Psittacosis,meningitis
Psittacosis,nuchal rigidity
Psittacosis,coma
Psittacosis,high fevers
Psittacosis,cough
Psittacosis,dyspnea
Psittacosis,patchy infiltrates or a diffuse whiteout of lung fields
Psittacosis,endocarditis
Psittacosis,liver inflammation
Psittacosis,inflammation of the heart's muscle
Psittacosis,joint inflammation
Psittacosis,keratoconjunctivitis
Psittacosis,neurologic complications
Psittacosis,brain inflammation
Q fever,fever
Q fever,malaise
Q fever,profuse perspiration
Q fever,severe headache
Q fever,muscle pain
Q fever,joint pain
Q fever,loss of appetite
Q fever,dry cough
Q fever,pleuritic pain
Q fever,chills
Q fever,confusion
Q fever,nausea
Q fever,vomiting
Q fever,diarrhea
Q fever,atypical pneumonia
Q fever,life-threatening acute respiratory distress
Q fever,granulomatous
Q fever,hepatitis
Q fever,liver enlargement
Q fever,pain in the right upper quadrant of the abdomen
Q fever,jaundice
Rabies,fever
Rabies,headache
Rabies,slight or partial paralysis
Rabies,anxiety
Rabies,insomnia
Rabies,confusion
Rabies,agitation
Rabies,abnormal behavior
Rabies,paranoia
Rabies,terror
Rabies,hallucinations
Rabies,progressing to delirium
Rabies,coma
Rabies,hydrophobia
Relapsing fever,fever
Relapsing fever,chills
Relapsing fever,headaches
Relapsing fever,muscle aches
Relapsing fever,joint aches
Relapsing fever,nausea
Relapsing fever,rash
Respiratory syncytial virus infection,colds
Respiratory syncytial virus infection,listlessness
Respiratory syncytial virus infection,poor appetite
Respiratory syncytial virus infection,diminished appetite
Respiratory syncytial virus infection,possible fever
Respiratory syncytial virus infection,recurrent wheezing
Respiratory syncytial virus infection,asthma
Rhinosporidiosis,Unilateral nasal obstruction
Rhinosporidiosis,Epistaxis
Rhinosporidiosis,Local pruritus
Rhinosporidiosis,Rhinorrhea
Rhinosporidiosis,Coryza with sneezing
Rhinosporidiosis,Post nasal discharge with cough
Rhinosporidiosis,Foreign body sensation
Rhinosporidiosis,Increased tearing
Rhinosporidiosis,photo phobia 
Rhinosporidiosis,palpebral conjunctiva
Rhinosporidiosis,Pink polyps
Rhinosporidiosis,deep red polyps
Rhinovirus infection,sore throat
Rhinovirus infection,runny nose
Rhinovirus infection,nasal congestion
Rhinovirus infection,sneezing
Rhinovirus infection,cough
Rhinovirus infection,muscle aches
Rhinovirus infection,fatigue
Rhinovirus infection,malaise
Rhinovirus infection,headache
Rhinovirus infection,muscle weakness
Rhinovirus infection,loss of appetite
Rhinovirus infection,fever
Rhinovirus infection,extreme exhaustion
Rickettsialpox,bump
Rickettsialpox,black scab
Rickettsialpox,crusty scab
Rickettsialpox,fever
Rickettsialpox,chills
Rickettsialpox,weakness
Rickettsialpox,achy muscles
Rickettsialpox,rash
Rift Valley fever (RVF),fever
Rift Valley fever (RVF),headache
Rift Valley fever (RVF),muscle pains
Rift Valley fever (RVF),liver abnormalities
Rift Valley fever (RVF),hemorrhagic fever
Rift Valley fever (RVF),meningoencephalitis
Rift Valley fever (RVF),inflammation of the brain
Rift Valley fever (RVF),inflammation of the tissues lining the brain
Rift Valley fever (RVF),generalised weakness
Rift Valley fever (RVF),back pain
Rift Valley fever (RVF),dizziness
Rift Valley fever (RVF),weight loss 
Rocky Mountain spotted fever (RMSF),Fever
Rocky Mountain spotted fever (RMSF),Nausea
Rocky Mountain spotted fever (RMSF),Emesis (vomiting)
Rocky Mountain spotted fever (RMSF),Severe headache
Rocky Mountain spotted fever (RMSF),Muscle pain
Rocky Mountain spotted fever (RMSF),Lack of appetite
Rocky Mountain spotted fever (RMSF),Parotitis
Rocky Mountain spotted fever (RMSF),Maculopapular rash
Rocky Mountain spotted fever (RMSF),Petechial rash
Rocky Mountain spotted fever (RMSF),Abdominal pain
Rocky Mountain spotted fever (RMSF),Joint pain
Rocky Mountain spotted fever (RMSF),Conjunctivitis
Rocky Mountain spotted fever (RMSF),Forgetfulness
Rotavirus infection,nausea
Rotavirus infection,vomiting
Rotavirus infection,watery diarrhoea
Rotavirus infection,low-grade fever
Rotavirus infection,vomiting
Rotavirus infection,diarrhoea
Rotavirus infection,Dehydration
Rubella,pink rash
Rubella,red rash
Rubella,low grade fever
Rubella,swollen glands
Rubella,joint pains
Rubella,headache
Rubella,conjunctivitis
Rubella,swollen glands
Rubella,lymph nodes glands
Rubella,rubella
Rubella,posterior cervical lymphadenopathy
Rubella,coryza
Rubella,aching joints
Rubella,brain infections
Rubella,bleeding problems.
Rubella,birth defects
Rubella,congenital
Rubella,cataracts
Rubella,glaucoma
Rubella,heart Defects
Rubella,hearing Loss
Rubella,pneumonia
Rubella,bronchitis
Salmonellosis,enteritis
Salmonellosis,diarrhea
Salmonellosis,fever
Salmonellosis,abdominal cramps
Salmonellosis,dehydrated
Salmonellosis,typhoid fever
Salmonellosis,increased permeability
Salmonellosis,decreased tone of the vessels
Salmonellosis,upset thermal regulation
Salmonellosis,vomiting
Salmonellosis,hypovolemic shock
Salmonellosis,septic shock
Salmonellosis,Oliguria
Salmonellosis,azotemia
Salmonellosis,renal involvement
Salmonellosis,hypoxia
Salmonellosis,toxemia
Salmonellosis,chronic arthritis
Salmonellosis,sickle-cell anemia
Salmonellosis,asymptomatic
SARS (Severe Acute Respiratory Syndrome),fever
SARS (Severe Acute Respiratory Syndrome),myalgia
SARS (Severe Acute Respiratory Syndrome),lethargy symptoms
SARS (Severe Acute Respiratory Syndrome),cough
SARS (Severe Acute Respiratory Syndrome),sore throa
SARS (Severe Acute Respiratory Syndrome),shortness of breath
SARS (Severe Acute Respiratory Syndrome),pneumonia
SARS (Severe Acute Respiratory Syndrome),direct viral pneumonia
SARS (Severe Acute Respiratory Syndrome),secondary bacterial pneumonia
Scabies,intense itching
Scabies,superficial burrows
Scabies,rash
Scabies,scabies of the foot
Scabies,scabies of the arm
Scabies,scabies of the hand
Scabies,scabies of the finger
Schistosomiasis,tingling sensation
Schistosomiasis,light rash
Schistosomiasis,fever
Schistosomiasis,aching
Schistosomiasis,cough
Schistosomiasis,diarrhea
Schistosomiasis,gland enlargement
Schistosomiasis,dermatitis
Schistosomiasis,katayama fever
Schistosomiasis,lethargy
Schistosomiasis,pale temporary bumps
Schistosomiasis,itching
Schistosomiasis,urticarial
Schistosomiasis,rash
Schistosomiasis,liver enlargement
Schistosomiasis,spleen enlargement
Schistosomiasis,bronchospasm
Schistosomiasis,dry cough with changes on chest x-ray
Schistosomiasis,fever
Schistosomiasis,fatigue
Schistosomiasis,muscle aches
Schistosomiasis,malaise
Schistosomiasis,abdominal pain
Schistosomiasis,weight loss
Schistosomiasis,diffuse abdominal pain
Schistosomiasis,rash
Schistosomiasis,anemia
Schistosomiasis,malnutrition
Schistosomiasis,pain
Schistosomiasis,blood in the stool
Schistosomiasis,diarrhea
Schistosomiasis,transverse myelitis
Schistosomiasis,flaccid paraplegia
Schistosomiasis,high blood pressure
Sepsis,fever
Sepsis,low body temperature
Sepsis,rapid breathing
Sepsis,elevated heart rate
Sepsis,confusion
Sepsis,edema
Sepsis,fast heart rate
Sepsis,decreased urination
Sepsis,high blood sugar
Sepsis,confusion
Sepsis,metabolic acidosis
Sepsis,low blood pressure
Sepsis,higher cardiac output
Sepsis,dysfunctions of blood coagulation 
Sepsis,shock
Sepsis,light-headedness
Sepsis,bruising
Sepsis,intense bleeding
Shigellosis (Bacillary dysentery),abdominal discomfort
Shigellosis (Bacillary dysentery),dysentery
Shigellosis (Bacillary dysentery),"cramps, diarrhea"
Shigellosis (Bacillary dysentery),slimy-consistent stools
Shigellosis (Bacillary dysentery),fever
Shigellosis (Bacillary dysentery),blood
Shigellosis (Bacillary dysentery),pus
Shigellosis (Bacillary dysentery),mucus in stools
Shigellosis (Bacillary dysentery),mucus in tenesmus
Shigellosis (Bacillary dysentery),mucosal ulceration
Shigellosis (Bacillary dysentery),rectal bleeding
Shigellosis (Bacillary dysentery),drastic dehydration
Shigellosis (Bacillary dysentery),reactive arthritis
Shigellosis (Bacillary dysentery),hemolytic uremic syndrome
Shigellosis (Bacillary dysentery),seizures
Shingles (Herpes zoster),headache
Shingles (Herpes zoster),fever
Shingles (Herpes zoster),malaise
Shingles (Herpes zoster),sensations of burning pain
Shingles (Herpes zoster),itching
Shingles (Herpes zoster),hyperesthesia
Shingles (Herpes zoster),oversensitivity
Shingles (Herpes zoster),paresthesia
Shingles (Herpes zoster),stinging
Shingles (Herpes zoster),tingling
Shingles (Herpes zoster),aching
Shingles (Herpes zoster),numbing
Shingles (Herpes zoster),throbbing
Shingles (Herpes zoster),rash
Shingles (Herpes zoster),vesicular
Smallpox (Variola),fever of at least 38.3 ∼C (101 ∼F)
Smallpox (Variola),muscle pain
Smallpox (Variola),malaise
Smallpox (Variola),headache
Smallpox (Variola),prostration
Smallpox (Variola),nausea
Smallpox (Variola),vomiting
Smallpox (Variola),backache
Smallpox (Variola),small reddish spots
Smallpox (Variola),enanthem
Smallpox (Variola),rash
Sporotrichosis,nodular lesions
Sporotrichosis,bumps in the skin
Sporotrichosis,chronic ulcer
Sporotrichosis,productive coughing
Sporotrichosis,nodules of the lungs
Sporotrichosis,cavitations of the lungs
Sporotrichosis,fibrosis
Sporotrichosis,swollen hilar lymph nodes
Sporotrichosis,osteoarticular sporotrichosis
Sporotrichosis,sporotrichosis meningitis
Sporotrichosis,weight loss
Sporotrichosis,anorexia
Sporotrichosis,bony lesions
Strongyloidiasis,asymptomatic
Strongyloidiasis,abdominal pain
Strongyloidiasis,diarrhea
Strongyloidiasis,rashes in the buttocks
Strongyloidiasis,rashes in the waist
Strongyloidiasis,abdominal pain
Strongyloidiasis,distension
Strongyloidiasis,shock
Strongyloidiasis,neurologic complications
Strongyloidiasis,septicemia
Strongyloidiasis,sepsis (bloodstream infection)
Strongyloidiasis,meningitis
Strongyloidiasis,high dose corticosteroids
Strongyloidiasis,organ transplant
Strongyloidiasis,HIV
Strongyloidiasis,lepromatous leprosy
Strongyloidiasis,tertiary syphilis
Strongyloidiasis,aplastic anemia
Strongyloidiasis,malnutrition
Strongyloidiasis,advanced tuberculosis
Strongyloidiasis,radiation poisoning
Subacute sclerosing panencephalitis,asymptomatic
Subacute sclerosing panencephalitis,personality change
Subacute sclerosing panencephalitis,seizures
Subacute sclerosing panencephalitis,myoclonus
Subacute sclerosing panencephalitis,ataxia
Subacute sclerosing panencephalitis,photosensitivity
Subacute sclerosing panencephalitis,ocular abnormalities
Subacute sclerosing panencephalitis,spasticity
Subacute sclerosing panencephalitis,coma
Syphilis,skin lesion
Syphilis,macule
Syphilis,papule
Syphilis,erosion
Syphilis,ulcer
Syphilis,rash
Syphilis,maculopapular
Syphilis,pustular
Syphilis,sore throat
Syphilis,malaise
Syphilis,weight loss
Syphilis,hair loss
Syphilis,headache
Syphilis,liver inflammation
Syphilis,kidney disease
Syphilis,joint inflammation
Syphilis,periostitis
Syphilis,inflammation of the optic nerve
Syphilis,uveitis
Syphilis,interstitial keratitis
Syphilis,syphilitic meningitis
Syphilis,meningovascular syphilis
Syphilis,general paresis
Syphilis,"tabes dorsalis, "
Syphilis,apathy
Syphilis,seizure
Syphilis,general
Syphilis,dementia
Syphilis,enlargement of the liver
Syphilis,enlargement of the spleen
Syphilis,fever
Syphilis,neurosyphilis
Syphilis,lung inflammation
Taeniasis,asymptomatic
Taeniasis,intestinal irritation
Taeniasis,anaemia
Taeniasis,indigestion
Taeniasis,headaches
Taeniasis,dizziness
Taeniasis,occasional seizures
Taeniasis,dementia
Taeniasis,hypertension
Taeniasis,lesions in the brain
Taeniasis,blindness
Taeniasis,tumor-like growths
Taeniasis,low eosinophil levels
Taeniasis,hydrocephalus
Taeniasis,paraplegy
Taeniasis,meningitis
Taeniasis,convulsions
Taeniasis,weight loss
Taeniasis,abdominal pain
Taeniasis,diarrhea
Taeniasis,headaches
Taeniasis,nausea
Taeniasis,constipation
Taeniasis,chronic indigestion
Taeniasis,loss of appetite
Taeniasis,ileus
Taeniasis,pancreatitis
Taeniasis,cholecystitis
Taeniasis,cholangitis
Tetanus (Lockjaw),mild spasms
Tetanus (Lockjaw),back muscle spasms
Tetanus (Lockjaw),drooling
Tetanus (Lockjaw),excessive sweating
Tetanus (Lockjaw),fever
Tetanus (Lockjaw),hand spasms
Tetanus (Lockjaw),foot spasms
Tetanus (Lockjaw),irritability
Tetanus (Lockjaw),difficulty swallowing
Tetanus (Lockjaw),suffocation
Tetanus (Lockjaw),heart attack
Tetanus (Lockjaw),breathing problems
Tetanus (Lockjaw),irregular heartbeat
Tetanus (Lockjaw),uncontrolled urination
Tetanus (Lockjaw),uncontrolled defecation
Tetanus (Lockjaw),stiffness of the neck
Tetanus (Lockjaw),difficulty in swallowing
Tetanus (Lockjaw),rigidity of pectoral and calf muscles
Tetanus (Lockjaw),elevated temperature
Tetanus (Lockjaw),sweating
Tetanus (Lockjaw),elevated blood pressure
Tetanus (Lockjaw),episodic rapid heart rate.
Tetanus (Lockjaw),labile hypertension
Tetanus (Lockjaw),tachycardia
Tetanus (Lockjaw),dysrhythmia
Tetanus (Lockjaw),peripheral vasculature constriction
Tetanus (Lockjaw),profuse sweating
Tetanus (Lockjaw),fever
Tetanus (Lockjaw),increased carbon dioxide output
Tetanus (Lockjaw),increased catecholamine excretion
Tetanus (Lockjaw),late development of hypotension
Tetanus (Lockjaw),local tetanus
Tetanus (Lockjaw),cephalic tetanus
Tinea barbae (Barber's itch),pimple
Tinea barbae (Barber's itch),blister
Tinea barbae (Barber's itch),swelling
Tinea barbae (Barber's itch),redness
Tinea barbae (Barber's itch),itchy
Tinea barbae (Barber's itch),painful
Tinea capitis (Ringworm of the Scalp),boggy swellings
Tinea capitis (Ringworm of the Scalp),itching of the scalp
Tinea capitis (Ringworm of the Scalp),dandruff
Tinea capitis (Ringworm of the Scalp),bald patches
Tinea corporis (Ringworm of the Body),ringworm
Tinea corporis (Ringworm of the Body),tinea capitis
Tinea corporis (Ringworm of the Body),tinea barbae
Tinea corporis (Ringworm of the Body),tinea cruris
Tinea corporis (Ringworm of the Body),jock itch
Tinea corporis (Ringworm of the Body),dhobi itch
Tinea corporis (Ringworm of the Body),scaly rash
Tinea corporis (Ringworm of the Body),dry skin
Tinea corporis (Ringworm of the Body),flaky skin
Tinea corporis (Ringworm of the Body),hair loss
Tinea cruris (Jock itch),"burning sensation in the groin area, thigh skin folds or anus"
Tinea cruris (Jock itch),itchy
Tinea cruris (Jock itch),"Inflammation of the groin, anal area and upper thigh"
Tinea cruris (Jock itch),slightly raised patch
Tinea cruris (Jock itch),sharp borders
Tinea cruris (Jock itch),expanding or spreading
Tinea cruris (Jock itch),dry or scaly blisters
Tinea cruris (Jock itch),abnormally dark or light skin
Tinea cruris (Jock itch),skin redness or inflammation
Tinea cruris (Jock itch),"flaking, rippling, peeling or cracking skin"
Tinea nigra,dark brown to black painless patches on the palms of the hands
Tinea nigra,dark brown to black painless patches on the soles of the feet
Tinea pedis (Athlete＊s foot),symptomless
Tinea pedis (Athlete＊s foot),itch
Tinea pedis (Athlete＊s foot),skin between the toes may appear red or ulcerative
Tinea pedis (Athlete＊s foot),scaly skin
Tinea pedis (Athlete＊s foot),flaky skin
Tinea pedis (Athlete＊s foot),pain
Tinea pedis (Athlete＊s foot),skin maceration
Tinea pedis (Athlete＊s foot),skin erosions
Tinea pedis (Athlete＊s foot),skin fissuring
Tinea pedis (Athlete＊s foot),crusting
Tinea pedis (Athlete＊s foot),odor
Tinea unguium (Onychomycosis),thickened nail
Tinea unguium (Onychomycosis),discoloured nail
Tinea unguium (Onychomycosis),nail become brittle
Tinea unguium (Onychomycosis),nail breaking off from the toe or finger
Tinea unguium (Onychomycosis),inflamed skin
Tinea unguium (Onychomycosis),painful skin
Tinea unguium (Onychomycosis),nailbed or scaly skin
Tinea unguium (Onychomycosis),foul smell
Tinea versicolor (Pityriasis versicolor),ash-like scale
Tinea versicolor (Pityriasis versicolor),"pale, dark tan, or pink in color"
Tinea versicolor (Pityriasis versicolor),sharp border
Toxocariasis (Ocular Larva Migrans (OLM)),coughing
Toxocariasis (Ocular Larva Migrans (OLM)),fever
Toxocariasis (Ocular Larva Migrans (OLM)),abdominal pain
Toxocariasis (Ocular Larva Migrans (OLM)),headaches
Toxocariasis (Ocular Larva Migrans (OLM)),changes in behavior
Toxocariasis (Ocular Larva Migrans (OLM)),inability to sleep
Toxocariasis (Ocular Larva Migrans (OLM)),wheezing
Toxocariasis (Ocular Larva Migrans (OLM)),hepatomegaly
Toxocariasis (Ocular Larva Migrans (OLM)),lymphadenitis
Toxocariasis (Ocular Larva Migrans (OLM)),pallor
Toxocariasis (Ocular Larva Migrans (OLM)),fatigue
Toxocariasis (Ocular Larva Migrans (OLM)),weight loss
Toxocariasis (Ocular Larva Migrans (OLM)),anorexia
Toxocariasis (Ocular Larva Migrans (OLM)),fever
Toxocariasis (Ocular Larva Migrans (OLM)),headache
Toxocariasis (Ocular Larva Migrans (OLM)),rash
Toxocariasis (Ocular Larva Migrans (OLM)),cough
Toxocariasis (Ocular Larva Migrans (OLM)),asthma
Toxocariasis (Ocular Larva Migrans (OLM)),chest tightness
Toxocariasis (Ocular Larva Migrans (OLM)),increased irritability
Toxocariasis (Ocular Larva Migrans (OLM)),abdominal pain
Toxocariasis (Ocular Larva Migrans (OLM)),nausea
Toxocariasis (Ocular Larva Migrans (OLM)),vomiting
Toxocariasis (Ocular Larva Migrans (OLM)),epilepsy
Toxocariasis (Ocular Larva Migrans (OLM)),inflammation of the heart
Toxocariasis (Ocular Larva Migrans (OLM)),pleural effusion
Toxocariasis (Ocular Larva Migrans (OLM)),respiratory failure
Toxocariasis (Visceral Larva Migrans (VLM)),coughing
Toxocariasis (Visceral Larva Migrans (VLM)),fever
Toxocariasis (Visceral Larva Migrans (VLM)),abdominal pain
Toxocariasis (Visceral Larva Migrans (VLM)),headaches
Toxocariasis (Visceral Larva Migrans (VLM)),changes in behavior
Toxocariasis (Visceral Larva Migrans (VLM)),inability to sleep
Toxocariasis (Visceral Larva Migrans (VLM)),wheezing
Toxocariasis (Visceral Larva Migrans (VLM)),hepatomegaly
Toxocariasis (Visceral Larva Migrans (VLM)),lymphadenitis
Toxocariasis (Visceral Larva Migrans (VLM)),pallor
Toxocariasis (Visceral Larva Migrans (VLM)),fatigue
Toxocariasis (Visceral Larva Migrans (VLM)),weight loss
Toxocariasis (Visceral Larva Migrans (VLM)),anorexia
Toxocariasis (Visceral Larva Migrans (VLM)),fever
Toxocariasis (Visceral Larva Migrans (VLM)),headache
Toxocariasis (Visceral Larva Migrans (VLM)),rash
Toxocariasis (Visceral Larva Migrans (VLM)),cough
Toxocariasis (Visceral Larva Migrans (VLM)),asthma
Toxocariasis (Visceral Larva Migrans (VLM)),chest tightness
Toxocariasis (Visceral Larva Migrans (VLM)),increased irritability
Toxocariasis (Visceral Larva Migrans (VLM)),abdominal pain
Toxocariasis (Visceral Larva Migrans (VLM)),nausea
Toxocariasis (Visceral Larva Migrans (VLM)),vomiting
Toxocariasis (Visceral Larva Migrans (VLM)),epilepsy
Toxocariasis (Visceral Larva Migrans (VLM)),inflammation of the heart
Toxocariasis (Visceral Larva Migrans (VLM)),pleural effusion
Toxocariasis (Visceral Larva Migrans (VLM)),respiratory failure
Trachoma,Eye discharge
Trachoma,Swollen eyelids
Trachoma,Trichiasis
Trachoma,turned-in eyelashes
Trachoma,Swelling of lymph nodes in front of the ears
Trachoma,Sensitivity to bright lights
Trachoma,Increased heart rate
Trachoma,"ear, nose and throat complications"
Toxoplasmosis,swollen lymph nodes
Toxoplasmosis,headaches
Toxoplasmosis,fever
Toxoplasmosis,fatigue
Toxoplasmosis,muscle aches
Toxoplasmosis,muscle pains 
Toxoplasmosis,headache
Toxoplasmosis,confusion
Toxoplasmosis,poor coordination
Toxoplasmosis,seizures
Toxoplasmosis,lung problems
Toxoplasmosis,blurred vision
Toxoplasmosis,inflammation of the retina
Toxoplasmosis,encephalitis
Toxoplasmosis,necrotizing retinochoroiditis
Toxoplasmosis,tissue cysts
Trichinosis,minor or no symptoms
Trichinosis,nausea
Trichinosis,heartburn
Trichinosis,dyspepsia
Trichinosis,diarrhea
Trichinosis,edema
Trichinosis,muscle pain
Trichinosis,fever
Trichinosis,weakness
Trichinosis,periorbital edema
Trichinosis,swelling around the eyes
Trichinosis,vasculitis
Trichinosis,Splinter hemorrhage in the nails
Trichinosis,neurological deficits
Trichinosis,ataxia
Trichinosis,respiratory paralysis
Trichomoniasis,"pain, burning or itching in the penis"
Trichomoniasis,"pain, burning or itching in the urethra"
Trichomoniasis,urethritis
Trichomoniasis,"pain, burning or itching in the vagina"
Trichomoniasis,vaginitis
Trichomoniasis,discomfort for both sexes
Trichomoniasis,"yellow-green, itchy, frothy, foul-smelling (""fishy"" smell) vaginal discharge"
Trichomoniasis,lower abdominal pain
Trichuriasis (Whipworm infection),abdominal pain
Trichuriasis (Whipworm infection),abdominal distension
Trichuriasis (Whipworm infection),bloody or mucus-filled diarrhea
Trichuriasis (Whipworm infection),feelings of incomplete defecation
Trichuriasis (Whipworm infection),growth retardation
Trichuriasis (Whipworm infection),weight loss
Trichuriasis (Whipworm infection),nutritional deficiencies
Trichuriasis (Whipworm infection),anemia
Trichuriasis (Whipworm infection),massive gastrointestinal bleeding
Trichuriasis (Whipworm infection),bloody diarrhea
Trichuriasis (Whipworm infection),Long-standing blood loss
Trichuriasis (Whipworm infection),iron-deficiency anemia
Tuberculosis,fever
Tuberculosis,chills
Tuberculosis,night sweats
Tuberculosis,loss of appetite
Tuberculosis,weight loss
Tuberculosis,fatigue
Tuberculosis,nail clubbing
Tuberculosis,cough up blood
Tuberculosis,massive bleeding
Tularemia,ulceroglandular
Tularemia,glandular
Tularemia,oropharyngeal
Tularemia,pneumonic
Tularemia,oculoglandular
Tularemia,typhoidal
Tularemia,fever
Tularemia,lethargy
Tularemia,loss of appetite
Tularemia,signs of sepsis
Tularemia,possibly death
Typhoid fever,exhausted and emaciated
Typhoid fever,fever
Typhoid fever,relative bradycardia (Faget sign)
Typhoid fever,malaise
Typhoid fever,headache
Typhoid fever,cough
Typhoid fever,bloody nose
Typhoid fever,epistaxis
Typhoid fever,abdominal pain
Typhoid fever,leukopenia
Typhoid fever,eosinopenia 
Typhoid fever,relative lymphocytosis
Typhoid fever,rose spots appear on the lower chest and abdomen 
Typhoid fever,diarrhea
Typhoid fever,dehydration 
Typhus fever,fever
Typhus fever,chills
Typhus fever,headache
Typhus fever,rash
Typhus fever,meningoencephalitis
Typhus fever,sensitivity to light
Typhus fever,photophobia
Typhus fever,altered mental status
Typhus fever,delirium
Typhus fever,coma
Valley fever,tiredness
Valley fever,fever
Valley fever,cough
Valley fever,headaches
Valley fever,rash
Valley fever,muscle pain
Valley fever,joint pain
Valley fever,fatigue
Valley fever,erythema nodosum
Valley fever,cough
Valley fever,sputum
Valley fever,night sweats
Valley fever,weight loss
Valley fever,spine
Valley fever,meningitis
Valley fever,lung disease
Venezuelan hemorrhagic fever,fever
Venezuelan hemorrhagic fever,malaise
Venezuelan hemorrhagic fever,hemorrhagic manifestations
Venezuelan hemorrhagic fever,convulsions
Venezuelan hemorrhagic fever,vascular damage
Venezuelan hemorrhagic fever,bleeding diathesis
Venezuelan hemorrhagic fever,fever
Venezuelan hemorrhagic fever,multiple organ involvement
Vibrio vulnificus infection,vomiting
Vibrio vulnificus infection,diarrhea
Vibrio vulnificus infection,abdominal pain
Vibrio vulnificus infection,blistering dermatitis 
Vibrio vulnificus infection,blistering skin lesions
Vibrio vulnificus infection,septic shock
Vibrio vulnificus infection,fever
Vibrio vulnificus infection,chills
Vibrio vulnificus infection,decreased blood pressure
Vibrio vulnificus infection,septic shock
Vibrio vulnificus infection,blistering skin lesions
Vibrio parahaemolyticus enteritis,watery diarrhea
Vibrio parahaemolyticus enteritis,nausea
Vibrio parahaemolyticus enteritis,vomiting
Vibrio parahaemolyticus enteritis,abdominal cramps
Vibrio parahaemolyticus enteritis,fever
Viral pneumonia,fever
Viral pneumonia,cough
Viral pneumonia,runny nose
Viral pneumonia,myalgia
Viral pneumonia,headache
West Nile Fever,headache
West Nile Fever,fever
West Nile Fever,meningitis
West Nile Fever,encephalitis
West Nile Fever,meningoencephalitis
West Nile Fever,chills
West Nile Fever,excessive sweating
West Nile Fever,weakness
West Nile Fever,fatigue
West Nile Fever,swollen lymph nodes
West Nile Fever,drowsiness
West Nile Fever,pain in the joints
West Nile Fever,nausea
West Nile Fever,vomiting
West Nile Fever,loss of appetite
West Nile Fever,diarrhea
West Nile Fever,rash
West Nile Fever,stiff neck
West Nile Fever,paralysis
West Nile Fever,fulminant hepatitis
West Nile Fever,pancreatitis
West Nile Fever,myocarditis
West Nile Fever,rhabdomyolysis
West Nile Fever,orchitis
West Nile Fever,nephritis
West Nile Fever,optic neuritis
West Nile Fever,cardiac dysrhythmias
West Nile Fever,hemorrhagic fever
West Nile Fever,coagulopathy
West Nile Fever,chorioretinitis
White piedra (Tinea blanca),soft nodules composed of yeast cells and arthroconidia that encompass hair shafts.
Yersiniosis,fever
Yersiniosis,abdominal pain
Yersiniosis,diarrhea
Yersiniosis,right-sided abdominal pain
Yersiniosis,skin rash
Yersiniosis,joint pains
Yersiniosis,ileitis
Yersiniosis,erythema nodosum
Yersiniosis,septicemia
Yersiniosis,acute arthritis
Yersiniosis,bacteremia
Yellow fever,fever
Yellow fever,headache
Yellow fever,chills
Yellow fever,back pain
Yellow fever,fatigue
Yellow fever,loss of appetite
Yellow fever,muscle pain
Yellow fever,nausea
Yellow fever,vomiting
Yellow fever,jaundice
Yellow fever,liver damage
Yellow fever,abdominal pain
Yellow fever,kidney failure
Yellow fever,hiccups
Yellow fever,delirium
Zygomycosis,thrombosis
Zygomycosis,tissue necrosis
