6,氨气中毒,free ammonia-induced intoxication,氨气中毒
7,阿司匹林诱发哮喘,aspirin-induced asthma,阿司匹林诱发哮喘,阿斯匹林诱发性哮喘
18,不动杆菌肺炎,acinetobacter pneumonia,不动杆菌肺炎
37,鼻疽假单胞菌肺炎,pseudomonas mallei pneumonia,鼻疽假单胞菌肺炎
40,鼻旁窦支气管综合征,sinobronchiales syndrome,鼻旁窦支气管综合征,accessory nasal sinuses syndrome,accessory sinuses of the nose syndrome,Mounier-luhn Syndrome,paranasal sinus syndrome,sinus paranasales syndrome,sinus paranasalis syndrome,鼻窦支气管综合征,鼻旁窦支气管综合症
43,表皮葡萄球菌肺炎,staphylococcus epidermidis pneumonia,表皮葡萄球菌肺炎
47,巴斯德菌肺炎,pasteurella pneumonia,巴斯德菌肺炎,巴斯德氏菌肺炎
48,闭锁肺综合征,locked lung syndrome,闭锁肺综合征,闭锁肺综合症,肺闭锁综合征
49,布氏菌肺炎,pneumonia due to brucella species,布氏菌肺炎,布鲁氏杆菌肺炎,布鲁氏菌肺炎,布氏杆菌肺炎
75,变形杆菌肺炎,proteus pneumonia,变形杆菌肺炎,Bacillus proteus pneumonia,变形杆菌性肺炎,普通变形杆菌肺炎
80,斑疹伤寒立克次体肺炎,exanthematous typhus rickettsia pneumonia,斑疹伤寒立克次体肺炎,Rickettsia exanthematotyphi pneumonia,Rickettsiae typhi pneumonia,斑疹伤寒立克次氏体肺炎,流行性斑疹伤寒立克次氏体肺炎,流行性斑疹伤寒立克次体肺炎,普氏立克次氏体肺炎,普氏立克次体肺炎
88,肠杆菌肺炎,enterobacter pneumonia,肠杆菌肺炎
91,产碱杆菌肺炎,alcaligenes pneumonia,产碱杆菌肺炎,Bacillus alcaligenes pneumonia
94,尘螨过敏性哮喘,asthma due to dust mite,尘螨过敏性哮喘
96,肠球菌肺炎,enterococcal pneumonia,肠球菌肺炎
119,大肠埃希杆菌肺炎,Escherichia co1i pneumonia,大肠埃希杆菌肺炎,大肠埃希菌肺炎,大肠杆菌肺炎,大肠杆菌性肺炎
120,单侧肺气肿,hyperlucent lung,单侧肺气肿,congenital cystic adenomatoid malformation,congenital lobar emphysema,neonatal lobar hyperinflation,Unilateral hyperlucent lung,单侧透明肺,先天性肺囊腺样畸形,先天性肺叶气肿,新生儿肺过度膨胀,hyaline membrane disease,membrane syndrome,肺透明膜病
122,单纯疱疹病毒肺炎,herpes simplex virus pneumonia,单纯疱疹病毒肺炎,单纯疱疹病毒性肺炎
124,单纯性肺嗜酸性粒细胞浸润症,Loeffler eosinophilia symptom,单纯性肺嗜酸性粒细胞浸润症,Löffler’s syndrome,Löffler综合征
125,单纯性肺嗜酸性粒细胞增多症,simple pulmonary eosinophilia,单纯性肺嗜酸性粒细胞增多症,acute pulmonary eosinophilia,Lofflers syndrome,单纯型肺嗜酸粒细胞增多症,单纯性肺嗜酸细胞浸润症,急性肺嗜酸粒细胞增多症,吕弗勒综合征
157,胆固醇肺炎,cholesterol pneumonia,胆固醇肺炎,胆固醇性肺炎
160,大咯血,Hemoptysis,大咯血,咳血,咯血
202,多重肺部感染,multiple microbial pulmonary infections,多重肺部感染,复数菌感染,混合性感染
234,肺癌,lung cancer,肺癌,肺部恶性肿瘤
236,肺部粪类圆线虫病,strognyloides stercoralis of lung,肺部粪类圆线虫病,anguillula intestinalis of lung,anguillula stercoralis of lung
237, ,ancylostomiasis of lung,肺部钩虫病,pulmonary ancylostomiasis,肺钩虫病,肺钩口线虫病,肺十二指肠虫病
241,肺不张,atelectasis,肺不张,pulmonary atelectasis,pulmonary closure,肺不张病,肺膨胀不全,肺陷落
242,肺孢子丝菌病,pulmonary sporotrichosis,肺孢子丝菌病
243,肺并殖吸虫病,paragonimiasis,肺并殖吸虫病,lung fluke disease,pulmonary distomiasis,肺吸虫病
244,SARS,severe acute respiratory syndrome,严重急性呼吸综合征,infectious atypical pneumonia,SARS,传染性非典型肺炎,严重急性呼吸道综合征,严重急性呼吸器官综合症,严重急性呼吸综合症,非典型性肺炎,非典
245,肺淀粉样变性,pulmonary amyloidosis,肺淀粉样变性,肺淀粉样变性病
246,肺动脉发育不全,pulmonary artery agenesis,肺动脉发育不全,hypoplasia of pulmonary artery,lung artery agenesis
248,肺地丝菌病,pulmonary geotrichosis,肺地丝菌病,肺地霉病,肺地霉菌病
256,肺放线菌病,pulmonary actinomycosis,肺放线菌病
263,肺宫崎肺吸虫症,pulmonary paragonimus miyazaki,肺宫崎肺吸虫症
264,肺弓形体病,pulmonary toxoplasmosis,肺弓形体病,肺弓浆虫病,肺弓形虫病,肺住血原虫病
265,肺蛔虫病,ascariasis of lung,肺蛔虫病
269,非结核分枝杆菌病,nontuberculoaus mycobacteriosis,非结核分枝杆菌病
270,肺荚膜组织胞浆菌病,pulmonary histoplasmosis capsulate,肺荚膜组织胞浆菌病,pulmonary histoplasmosis,肺组织胞浆菌病
274,肺良性淋巴细胞血管炎和肉芽肿病,benign lymphocytic angiitis and granulomatosis,肺良性淋巴细胞血管炎和肉芽肿病
275,弗郎西丝菌肺炎,Francisella pneumonia,弗郎西丝菌肺炎,弗朗西斯氏菌肺炎,土拉热弗郎西丝菌肺炎
276,肺螨病,pulmonary acariasis,肺螨病,肺螨症
280,肺毛霉病,pulmonary mucormycosis,肺毛霉病,肺毛霉菌病,肺藻菌病
282,肺疟疾病,pulmonary malaria,肺疟疾病,肺疟
283,肺诺卡菌病,pulmonary nocardiasis,肺诺卡菌病,肺诺卡放线菌病,肺诺卡氏放线菌病,肺诺卡氏菌病
284,肺囊性纤维化,cystic pulmonary fibrosis,肺囊性纤维化,Cystic fibrosis of the lung,Pulmonary cystic fibrosis,肺囊性纤维病,肺纤维囊泡症
285,肺脓肿,abscess of lung,肺脓肿,lung abscess,pulmonary abscess
286,肺念珠菌病,pulmonary candidiasis,肺念珠菌病,pneumonomoniliasis,pulmonary moniliasis,肺部念珠菌病
287,肺泡蛋白沉着症,pulmonary alveolar proteinosis,肺泡蛋白沉着症,Rosen-Castleman-Liebow综合征,肺泡蛋白沉积,肺泡蛋白沉积症
288,肺泡-毛细血管阻滞综合征,alveolar capillary block syndrome,肺泡-毛细血管阻滞综合征,alveolar-capillary block syndrome,Austrain综合征,肺泡毛细管阻塞综合征,肺泡-毛细血管阻滞综合症
289,肺泡通气低下综合征,alveolar hypoventilation syndrome,肺泡通气低下综合征,肺泡换气不足综合征,肺泡通气低下综合症
290,肺泡微结石症,pulmonary alveolar microlithiasis,肺泡微结石症,肺胞结石病,肺胞小结石病
293,肺球孢子菌病,pulmonary coccidioidomycosis,肺球孢子菌病
294,肺青霉病,pulmonary penicillosis,肺青霉病,肺青霉菌病,过敏性支气管肺青霉病,支气管-肺青霉菌病
304,肺栓塞,pulmonary embolism,肺栓塞,lung embolism,肺动脉栓塞
305,肺栓塞,pulmonary embolism,肺栓塞,lung embolism,肺动脉栓塞
306,肺嗜酸细胞组织细胞增生症,Langerhans cell histiocvtosis,肺嗜酸细胞组织细胞增生症,Eosinophilic pneumonia,Pulmonary eosinophilia,肺嗜酸细胞增多症,肺嗜酸性细胞增多症,嗜酸细胞性肺炎
307,肺嗜酸性粒细胞浸润症,pulmonary infiltration with eosinophilia,肺嗜酸性粒细胞浸润症,eosinophilic lung disease,肺伴有嗜酸细胞增多肺浸润,嗜酸细胞性肺,嗜酸性粒细胞性肺疾病
311,放射性肺炎,radiation pneumonitis,放射性肺炎,radiation pneumonia,辐射性肺炎
321,肺鼠疫,pneumonic plague,肺鼠疫,pestis pneumonica
322,肺水肿,pulmonary edema,肺水肿,edema of lung,lung edema,oedema pulmonum,pneumochysis,pneumonedema,wet lung
324,肺炭疽,pulmonary anthrax,肺炭疽,肺型炭疽
325,非特异性间质肺炎,nonspecific interstitial pneumonia,非特异性间质肺炎
326,蜂窝肺综合征,honeycomb lung syndrome,蜂窝肺综合征,蜂窝肺综合症
327,肺血管炎,pulmonary vasculitis,肺血管炎
330,肺血吸虫病,pulmonary schistosomiasis,肺血吸虫病,肺型血吸虫病
333,肺炎杆菌肺炎,Klebsiella pneumoniae,肺炎克雷白杆菌肺炎,Friedlander杆菌肺炎,Klebsiellar pneumonia,肺炎杆菌肺炎,肺炎克雷白氏杆菌肺炎,肺炎克雷伯杆菌肺炎,肺炎克雷伯氏杆菌肺炎,克雷白杆菌属肺炎
334,肺炎克雷白杆菌肺炎,Klebsiella pneumoniae,肺炎克雷白杆菌肺炎,Friedlander杆菌肺炎,Klebsiellar pneumonia,肺炎杆菌肺炎,肺炎克雷白氏杆菌肺炎,肺炎克雷伯杆菌肺炎,肺炎克雷伯氏杆菌肺炎,克雷白杆菌属肺炎
335,肺炎链球菌性肺炎,streptococcus pneumonia,肺炎链球菌性肺炎,肺炎球菌肺炎,链球菌性肺炎,streptococcal pneumonia,化脓性链球菌肺炎
336,肺隐球菌病,pulmonary cryptococcosis,肺隐球菌病
337,肺炎球菌肺炎,streptococcus pneumonia,肺炎链球菌性肺炎,肺炎球菌肺炎,链球菌性肺炎,streptococcal pneumonia,化脓性链球菌肺炎
338,肺芽生菌病,pulmonary blastomycosis,肺芽生菌病,bronchoblastomycosis,Gilchrist,肺酿母菌病,吉尔克斯病,支气管芽生菌病
340,肺原性心脏病,chronic cor pulmonale,慢性肺源性心脏病,肺原性心脏病,慢性肺心病,慢性肺原性心脏病
341,肺原性心脏病,chronic cor pulmonale,慢性肺源性心脏病,肺原性心脏病,慢性肺心病,慢性肺原性心脏病
343,肺炎衣原体肺炎,chlamydia pneumoniae pneumonia,肺炎衣原体肺炎
356,肺组织细胞增生症,pulmonary histiocytosis,肺组织细胞增生症,pulmonary histocytosis,肺组织细胞增多病,肺组织细胞增多症,朗格汉斯组织细胞增生症
362,钩端螺旋体肺炎,leptospire pneumonia,钩端螺旋体肺炎
364,过度通气综合征,hyperventilation syndrome,过度通气综合征,过度换气综合征,过度通气综合症,换气过度综合征
377,膈肌麻痹,diaphragmatic paralysis,膈肌麻痹,phrenoparalysis,膈麻痹,横膈麻痹
387,感冒,acute nasopharyngitis,急性鼻咽炎,catarrhal rhinitis,common cold,rhinitis catarrhalis,感冒,卡他性鼻炎,普通感冒,伤风
394,过敏性血管炎和肉芽肿病,allergic angitis granulomatosis,过敏性血管炎和肉芽肿病,allergic granulomatosis,Churg-Strauss综合征,变态反应性肉芽肿病,变应性肉芽肿,变应性肉芽肿病,过敏性肉芽肿,过敏性肉芽肿性血管炎,过敏性肉芽肿症,Churg-Strauss svndrome,allergic angiitis and granulomatosis,Churg-Strause syndrome,allergic granulomatou
400,过敏性支气管肺曲霉病,allergic broncho pulmonary aspergillosis,过敏性支气管肺曲霉病,allergic bronchopneumonic aspergillosis,allergic bronchopulmonary aspergillosis
405,Goodpasture综合征,Goodpasture syndrome,肺出血-肾炎综合征,Goodpasture病,Goodpasture综合征,持续性咯血伴肾小球肾炎,出血性肺肾综合征,出血性间质性肺炎伴肾小球肾炎,肺出血伴肾小球肾炎,肺出血肾炎综合征,肺出血-肾炎综合症,古德帕斯丘综合征,基膜性肾小球肾炎,抗基膜性肾小球肾炎,抗肾小球基底膜抗体病(AGBM抗体),肺含
449,高原肺水肿,high altitude pulmonary edema,高原肺水肿,高海拔肺水肿,高山肺水肿
451,高原红细胞增多症,high altitude polycythemia,高原红细胞增多症,plateau erythrocythemia,高海拔红细胞增多症,高红症
453,高原脑水肿,high altitude cerebral edema,高原脑水肿
454,枸橼酸杆菌肺炎,citrobacter pneumonia,枸橼酸杆菌肺炎,柠檬酸细菌肺炎
455,高原性心脏病,high altitude heart disease,高原性心脏病,高心病,高原心脏病
480,花粉过敏性哮喘,pollen asthma,花粉过敏性哮喘,花粉变应性哮喘,花粉性气喘,花粉性哮喘,枯草热
482,黄杆菌肺炎,Flavobacterium pneumonia,黄杆菌肺炎,产黄菌肺炎,黄质菌肺炎
490,混合型慢性高原病,Monges disease,混合型慢性高原病,mixed type chronic altitude disease,mixed type chronic mountain sickness,混合型慢性高空病,混合型慢性高山病
492,HIV相关呼吸道感染,respiratory tract infection due to HIV,HIV相关呼吸道感染,respiratory infection due to human immunodeficiency virus,艾滋病毒相关呼吸道感染,人类免疫缺陷病毒相关呼吸道感染
507,滑石粉尘肺,pneumoconiosis due to talc dust,滑石粉尘肺,Talc pneumoconiosis,talcosis,肺滑石沉着病,滑石病,滑石尘肺,滑石粉致尘肺
510,坏死性结节病样肉芽肿病,necrotic sarcoid granulomatosis,坏死性结节病样肉芽肿病
511,Hughes-Stovin综合征,Hughes-Stovin syndrome,Hughes-Stovin综合征,Hughes-Stovin’s syndrome,Hughes-Stovin综合症,肺动脉栓塞综合征,休-斯二氏综合征
516,呼吸肌疲劳症,respiratory muscle apocamnosis,呼吸肌疲劳症
517,呼吸性细支气管炎间质肺病,respiratory bronchiolitis-associated interstitial lung disease,呼吸性细支气管炎间质肺病,呼吸性细支气管炎间质性肺病
518,化学液体吸入,chemicals inspiration,化学液体吸入
533,军刀综合征,scimitar syndrome,军刀综合征,Neill综合征,肺发育不全综合征,军刀综合症,弯刀综合征
557,结核性胸膜炎,tuberculous pleurisy,结核性胸膜炎
582,激素抵抗型哮喘,steroid-resistant asthma,激素抵抗型哮喘,类固醇抵抗型哮喘
595,军团菌肺炎,legionella pneumonia,军团菌肺炎,军团杆菌性肺炎
598,巨细胞病毒性肺炎,cytomegaloviral pneumonia,巨细胞病毒性肺炎,cytomegalovirus pneumonia,巨细胞病毒肺炎
605,急性肺源性心脏病,acute cor pulmonale,急性肺源性心脏病,急性肺心病,急性肺原性心脏病
606,急性肺源性心脏病,acute cor pulmonale,急性肺源性心脏病,急性肺心病,急性肺原性心脏病
609,急性高原病,acute altitude sickness,急性高原病,acute high altitude sickness,急性高空病
614,急性呼吸窘迫综合征,acute respiratory distress syndrome,急性呼吸窘迫综合征,respiratory distress syndrome,成人呼吸窘迫综合征,急性呼吸窘迫综合症,挫伤性肺炎或创伤性湿肺
615,急性呼吸衰竭,pediatric acutere rspiratory failure,小儿急性呼吸衰竭,急性呼吸衰竭
616,急性呼吸衰竭,acute respiratory failure,急性呼吸衰竭
622,急性间质性肺炎,acute interstitial pneumonia,急性间质性肺炎,Hamman-Rich综合征
627,急性侵袭型肺曲霉病,acute invasive pulmonary aspergillosis,急性侵袭型肺曲霉病,急性侵袭性肺曲霉病
630,急性嗜酸性粒细胞性肺炎,acute eosinophilic pneumonia,急性嗜酸性粒细胞性肺炎,急性嗜酸粒细胞肺炎
641,急性细支气管炎,acute bronchiolitis,急性细支气管炎,急性毛细支气管炎
645,急性纵隔炎,acute mediastinitis,急性纵隔炎
683,卡氏肺孢子虫肺炎,pneumocystosis carinii,卡氏肺孢子虫肺炎,卡氏肺囊虫肺炎
684,咳嗽晕厥综合征,cough syncope syndrome,咳嗽晕厥综合征,咳嗽晕厥综合症
693,Kartagener综合征,Kartagener syndrome,Kartagener综合征,Kartagener综合症,支气管扩张-鼻旁窦炎-内脏转位综合征
703,抗胰蛋白酶缺乏症,antitrypsin deficiency,抗胰蛋白酶缺乏症,抗胰蛋白酶不足,抗胰蛋白酶缺乏
704,类鼻疽杆菌肺炎,Bacillus whitmori pneumonia,类鼻疽杆菌肺炎,惠氏杆菌肺炎,惠特莫杆菌肺炎,惠特莫氏杆菌肺炎,类鼻疽吕夫勒菌肺炎,类鼻疽吕夫勒氏菌肺炎
705,卡氏肺囊虫肺炎,pneumocystosis carinii,卡氏肺孢子虫肺炎,卡氏肺囊虫肺炎
709,咳嗽变异性哮喘,cough type asthma,咳嗽性哮喘,咳嗽变异性哮喘
711,淋巴瘤样肉芽肿,lymphomatoid granulomatosis,淋巴瘤样肉芽肿,淋巴瘤样肉芽肿病,polymorphic reticulosis,多形性网状细胞增生症,恶性血管炎和肉芽肿病,血管中心性淋巴瘤,血管中心性免疫增殖性病变,多形网状细胞增多
713,铝尘肺,bauxite fibrosis of lung,肺铝土纤维化,aluminosis pneumoconiosis,矾土肺,肺铁钒土纤维化,铝尘肺,铝肺
726,淋巴瘤样肉芽肿,lymphomatoid granulomatosis,淋巴瘤样肉芽肿,淋巴瘤样肉芽肿病,polymorphic reticulosis,多形性网状细胞增生症,恶性血管炎和肉芽肿病,血管中心性淋巴瘤,血管中心性免疫增殖性病变,多形网状细胞增多
729,淋巴瘤样肉芽肿,lymphomatoid granulomatosis,淋巴瘤样肉芽肿,淋巴瘤样肉芽肿病,polymorphic reticulosis,多形性网状细胞增生症,恶性血管炎和肉芽肿病,血管中心性淋巴瘤,血管中心性免疫增殖性病变,多形网状细胞增多
737,流感病毒肺炎,influenza virus pneumonia,流感病毒肺炎,流感性肺炎
739,流感嗜血杆菌肺炎,hemophilus influenza pneumonia,流感嗜血杆菌肺炎,流感嗜血杆菌性肺炎
749,类肺炎性胸腔积液,parapneumonia pleural effusion,类肺炎性胸腔积液,类肺炎性胸膜腔积液
805,老年人肺结核,mycobacterium tuberculosis in elderly,老年人肺结核
808,老年人肺气肿,senile emphysema,老年人肺气肿,senile emphysema of lungs,senile emphysema pulmonum,senile pneumatosis pulmonum,senile pneumonectasia,senile pulmonary emphysema,senile vesicular emphysema,老年肺气肿
809,老年人肺性脑病,senile pulmonary encephalopathy,老年人肺性脑病,老年肺性脑病,老年人肺原性脑病
811,老年人肺心病,senile cor pulmonale,老年人肺心病,chronic pulmonary heart disease,pneumocardial disease,老年肺心病,老年人肺原性心脏病,老年人慢性肺源性心脏病
818,老年人呼吸性酸中毒,senile respiratory acidosis,老年人呼吸性酸中毒,老年呼吸性酸中毒
822,老年人呼吸衰竭,senile respiratory failure,老年人呼吸衰竭,老年呼吸衰竭
824,老年人肺炎,pneumonia in the elderly,老年人肺炎
830,老年人呼吸衰竭,senile respiratory failure,老年人呼吸衰竭,老年呼吸衰竭
834,老年人急性呼吸窘迫综合征,senile acute respiratory distress syndrome,老年人急性呼吸窘迫综合征,老年人急性呼吸窘迫综合症
851,老年人流行性感冒,senile influenza,老年人流行性感冒,senile baraquet,senile epidemic catarrh,senile epidemic catarrhal fever,senile epidemic influenza,老年流行性感冒
853,老年人间质性肺炎,senile interstitial pneumonitis,老年人间质性肺炎,senile cirrhosis of lung,senile interstitial lung disease,senile interstitial pneumonia,senile pulmonary cirrhosis,老年间质性肺炎,老年人肺硬变
879,老年人慢性支气管炎,senile chronic bronchitis,老年人慢性支气管炎,老年慢性支气管炎
880,老年人尿毒症性肺炎,senile uremic pneumonia,老年人尿毒症性肺炎,老年尿毒症性肺炎,老年人尿毒症肺,老年人尿毒症肺水肿
883,老年人睡眠呼吸暂停综合征,senile sleep apnea syndrome,老年人睡眠呼吸暂停综合征,老年人睡眠呼吸暂停综合症,老年人睡眠无呼吸综合征,老年睡眠呼吸暂停综合征
887,老年人特发性肺纤维化,senile idiopathic pulmonary interstitial fibrosis,老年人特发性肺纤维化,senile cryptogenic fibrosing alveolitis,senile idiopathic pulmonary fibrosis,老年人Hamman-Rich综合征,老年人特发性肺纤维变性,老年人隐匿性致纤维化性肺泡炎,老年特发性肺间质纤维化
918,老年人阳性杆菌肺炎,senile gram-positive bacillary pneumonia,老年人阳性杆菌肺炎,老年阳性杆菌肺炎
921,老年人终末期肺炎,senile terminal pneumonia,老年人终末期肺炎,老年人终期肺炎,老年终末期肺炎
922,老年人吸入性肺炎,senile aspiration pneumonitis,老年人吸入性肺炎,senile inhalation pneumonia,老年吸入性肺炎
923,老年人支气管哮喘,senile bronchial asthma,老年人支气管哮喘,老年支气管哮喘
946,老年人厌氧菌性肺炎,senile anaerobic pneumonia,老年人厌氧菌性肺炎
949,老年人院内获得性肺炎,senile nosocomial pneumonia,老年人院内获得性肺炎,senile hospital-acquired pneumonia,老年人医院性肺炎,老年院内获得性肺炎
950,老年人支气管扩张,senile bronchiectasis,老年人支气管扩张,老年人支气管扩张症,老年支气管扩张症
954,类脂性肺炎,lipoid pneumonia,类脂性肺炎,lipid pneumonia,oil-aspiration pneumonia,pneumonolipoidosis,油吸入性肺炎,油致吸入性肺炎,脂质性肺炎
955,老年人支原体肺炎,senile mycoplasmal pneumonia,老年人支原体肺炎,senile Eatons pneumonia,老年人伊顿肺炎,老年人伊顿氏肺炎,老年支原体肺炎
956,棉尘肺,byssinosis,棉屑沉着病,cotton-mill fever,纺织热,绵纤维吸入性肺炎,棉尘肺
962,氯气中毒,chlorine poisoning,氯气中毒,氯中毒
968,老年人支气管哮喘,senile bronchial asthma,老年人支气管哮喘,老年支气管哮喘
1005,慢性肺源性心脏病,chronic cor pulmonale,慢性肺源性心脏病,肺原性心脏病,慢性肺心病,慢性肺原性心脏病
1008,米氏链球菌肺炎,Streptococcus milleri pneumonia,米氏链球菌肺炎,米勒链球菌肺炎,米勒氏链球菌肺炎
1009,煤炭工尘肺,coalminers pneumoconiosis,煤炭工尘肺,coalworkers lung,煤肺,煤工业肺,煤炭工肺
1013,Marie-Bamberger综合征,Marie-Bamberger syndrome,Marie-Bamberger综合征,Marie-Bamberger综合症,osteoarthropathy,pulmonary hypertrophic osteoarthropathy,肥大性肺骨关节病,肺性肥大性骨关节病,肺性增殖性骨关节病,继发性肺性骨关节病,马-班二氏综合征,慢性肺性骨关节病,全身性肥大性骨关节病
1017,摩根菌肺炎,morganella pneumonia,摩根菌肺炎,摩根氏菌肺炎
1019,慢性肺源性心脏病,chronic cor pulmonale,慢性肺源性心脏病,肺原性心脏病,慢性肺心病,慢性肺原性心脏病
1031,慢性嗜酸性粒细胞性肺炎,chronic eosinophilic pneumonia,慢性嗜酸性粒细胞性肺炎,prolonged eosinophilia pneumonia,慢性粒细胞性肺炎,慢性嗜酸性肺炎,迁延型嗜酸粒细胞增多症,迁延性肺嗜酸性粒细胞浸润症
1037,慢性纵隔炎,chronic mediastinitis,慢性纵隔炎,chronic mesodmitis,idiopathic fibrosis of mediastinum,特发性纵隔纤维化
1044,麻疹病毒肺炎,measle virus pneumonia,麻疹病毒肺炎,measles pneumonia,麻疹肺炎
1049,慢性呼吸衰竭,chronic respiratory failure,慢性呼吸衰竭
1054,免疫缺陷性肺炎,immunodeficiency pneumonia,免疫缺陷性肺炎
1058,慢性嗜酸性粒细胞性肺炎,chronic eosinophilic pneumonia,慢性嗜酸性粒细胞性肺炎,prolonged eosinophilia pneumonia,慢性粒细胞性肺炎,慢性嗜酸性肺炎,迁延型嗜酸粒细胞增多症,迁延性肺嗜酸性粒细胞浸润症
1068,脑膜炎奈瑟菌肺炎,neisseria meningitidis pneumonia,脑膜炎奈瑟菌肺炎,脑膜炎萘瑟氏菌肺炎,脑膜炎双球菌肺炎
1074,慢性支气管炎,chronic bronchitis,慢性支气管炎
1077,尿毒症肺炎,uremic pneumonia,尿毒症肺炎
1098,Pancoast综合征,pancoast syndrome,Pancoast综合征,Pancoasts syndrome,Pancoast综合症,肺尖肿瘤综合征,潘科斯特氏综合征,潘科斯特综合征
1114,农民肺,farmers lung,农民肺,harvesters lung,Threshers disease,threshers lung,收割工人尘肺,脱粒工尘肺,脱粒工肺
1123,奈瑟卡他球菌肺炎,neisseria catarrhal pneumonia,奈瑟卡他球菌肺炎,卡他球菌肺炎,奈瑟氏卡他球菌肺炎,奈氏卡他球菌肺炎
1127,Poncet综合征,Poncet syndrome,Poncet综合征,Poncet综合症,tuberculous allergic arthritis,风湿样结核病,结核变态反应性关节炎,结核变态反应性关节炎综合征,结核风湿症
1141,氰化物中毒,cyanide poisoning,氰化物中毒
1145,气单胞菌肺炎,aeromonas pneumonia,气单胞菌肺炎
1148,曲霉球,aspergillar glomera,曲霉球
1164,热带型肺嗜酸性粒细胞肺炎,tropical pulmonary eosinophilosis,热带型肺嗜酸性粒细胞肺炎,热带嗜酸细胞增多肺炎
1170,妊娠性哮喘,pregnancy asthma,妊娠性哮喘,胎嗽
1182,食管裂孔疝,hiatus hernia,食管裂孔疝,esophageal hiatal hernia,裂孔疝
1199,气胸,pneumothorax,气胸,aeropleura,aerothorax,pneumatothorax
1203,热带性肺嗜酸性粒细胞浸润症,tropical pulmonary eosinophilia,热带性肺嗜酸性粒细胞浸润症,Weingarten综合征,热带肺嗜酸细胞增多,热带嗜曙红细胞增多症
1206,乳糜胸,chylothorax,乳糜胸,chylopleura,chylous hydrothorax,乳糜性水胸
1232,水痘肺炎,varicella pneumonia,水痘肺炎,水痘病毒肺炎,水痘性肺炎
1233,呕吐物吸入,vomit inspiration,呕吐物吸入,Aspiration of vomitus
1241,葡萄球菌肺炎,staphylococcal pneumonia,葡萄球菌肺炎,pneumococcal pneumonia,肺炎球菌性肺炎,葡萄球菌性肺炎
1244,铍中毒,berylliosis,铍中毒,beryllium disease,Beryllium poisoning,铍病
1252,Q热肺炎,Q fever pneumonia,寇热肺炎,Q热肺炎
1254,其他病毒肺炎,pneumonia caused by other virus,其他病毒肺炎
1256,球形肺炎,spherical pneumonia,球形肺炎
1265,乳酸性酸中毒,lactic acidosis,乳酸酸中毒,乳酸性酸中毒,乳酸中毒
1282,社会获得性肺炎,community acquired pneumonia,社会获得性肺炎,community-acquired pneumonia,后天免疫性群体肺炎
1301,沙雷菌肺炎,serratia pneumonia,沙雷菌肺炎,Serratieae pneumonia,灵杆菌肺炎,沙雷氏菌肺炎,粘质沙雷菌肺炎,粘质沙雷氏菌肺炎
1302,石棉肺,asbestosis,石棉肺,amianthosis,石棉沉滞症,石棉沉着病
1303,睡眠呼吸暂停综合征,sleep apnea syndrome,睡眠呼吸暂停综合征,睡眠呼吸暂停综合症,睡眠无呼吸综合征
1307,嗜麦芽黄单胞菌肺炎,xanthomonas maltophilia pneumonia,嗜麦芽黄单胞菌肺炎,嗜麦芽假单胞菌肺炎,嗜麦芽窄食单胞菌肺炎
1316,上气道梗阻,upper airway obstruction,上气道梗阻,上气道堵塞
1317,上腔静脉综合征,superior vena cava syndrome,上腔静脉综合征,vena cava superior syndrome,上腔静脉综合症
1341,食物过敏性哮喘,food allergic asthma,食物过敏性哮喘,food allergy-induced asthma,food-induced asthma,食物变应性哮喘,食物过敏诱发的哮喘,食物诱发哮喘
1362,鼠疫耶尔森菌肺炎,yersinia pestis pneumonia,鼠疫耶尔森菌肺炎,鼠疫耶尔森氏菌肺炎,鼠疫耶氏菌肺炎
1363,沙眼衣原体肺炎,chlamydia trachomatis pneumonia,沙眼衣原体肺炎
1376,铁尘肺,siderosis,肺铁末沉着病,arc-welder lung,arc-welders disease,pneumoconiosis siderotica,pulmonary siderosis,电焊工病,电弧焊工肺,铁尘肺,铁末沉着症
1384,特发性肺含铁血黄素沉着症,idiopathic pulmonary hemosiderosis,特发性肺含铁血黄素沉着症,Ceelen病,特发性肺含铁血黄素沉积,特发性肺含铁血黄素沉积症,特发性肺褐色硬变综合征,原发性肺含铁血黄素沉积症
1385,特发性肺含铁血黄素沉着症,idiopathic pulmonary hemosiderosis,特发性肺含铁血黄素沉着症,Ceelen病,特发性肺含铁血黄素沉积,特发性肺含铁血黄素沉积症,特发性肺褐色硬变综合征,原发性肺含铁血黄素沉积症
1386,特发性肺纤维化,idiopathic pulmonary fibrosis,特发性肺纤维化,idiopathic fibrosis of the lung,特发性肺纤维变性
1391,胎粪吸入综合征,meconium aspiration syndrome,胎粪吸入综合征,meconium aspiration pneumonia,胎便吸入综合征,胎粪吸入性肺炎,胎粪吸入综合症,新生儿感染性肺炎,羊水与胎粪吸入综合征
1392,特发性嗜酸性粒细胞增多综合征,idiopathic hypereosinophilic syndrome,特发性嗜酸性粒细胞增多综合征,特发性嗜酸性粒细胞增多综合症,高嗜酸粒细胞综合征,特发性嗜酸粒细胞增多综合征
1401,铜绿色假单胞菌肺炎,pseudomonas aeruginosa pneumonia,铜绿色假单胞菌肺炎,铜绿假单胞杆菌肺炎,铜绿假单胞菌肺炎
1402,锑末沉着症,antimony pneumoconiosis,锑末沉着症,锑尘肺
1424,脱屑性间质肺炎,desquamative interstitial pneumonia,脱屑性间质肺炎,脱屑性间质性肺炎
1425,脱屑性间质性肺炎,desquamative interstitial pneumonia,脱屑性间质肺炎,脱屑性间质性肺炎
1442,韦格纳肉芽肿,Wegner granulomatosis,韦格纳肉芽肿,韦格内肉芽肿,Wegener granulomatosis,韦格纳肉芽肿病,Wegener肉芽肿,坏死性肉芽肿
1467,胃型哮喘,gastric pattern asthma,胃型哮喘
1489,外源性变应性肺泡炎,extrinsic allergic alveolitis,外源性变应性肺泡炎,allergic alveolitis,变应性肺泡炎,外源性过敏性肺泡炎
1510,腺病毒肺炎,adenoviral pneumonia,腺病毒性肺炎,adenovirus pneumonia,腺病毒肺炎
1511,腺病毒性肺炎,adenoviral pneumonia,腺病毒性肺炎,adenovirus pneumonia,腺病毒肺炎
1521,胸部丝虫病,filariasis thorax,胸部丝虫病
1526,哮喘持续状态,status asthmatics,哮喘持续状态,status asthmaticus
1527,锡尘肺,stannosis,锡尘肺,锡末沉着症
1528,小肠结肠炎耶尔森菌肺炎,yersinia enterocolitica pneumonia,小肠结肠炎耶尔森菌肺炎,小肠结肠炎耶尔森氏菌肺炎
1596,小儿喘息样支气管炎,pediatric asthmatoid bronchitis,小儿喘息样支气管炎,小儿喘息性气管炎,小儿喘息性支气管炎,小儿喘息样气管炎
1601,小儿单侧肺异常透亮综合征,pediatric Macleods syndrome,小儿单侧肺异常透亮综合征,pediatric hypoplasia of pulmonary artery,pediatric lung artery agenesis,pediatric Unilateral hyperlucent lung,小儿Macleod综合征,小儿Swyer-James-Macleod综合征,小儿Swyer-James综合征,小儿单侧肺异常透亮综合症,小儿单侧透明肺,小儿单侧无功能肺,小儿过度
1639,小儿肺不张,pediatric atelectasis,小儿肺不张,pediatric collapse of the lung,pediatric pulmonary atelectasis,pediatric pulmonary closure,小儿肺膨胀不全,小儿肺萎陷,小儿肺陷落
1643,小儿肺隔离症,pediatric pulmonary sequestration,小儿肺隔离症,pediatric sequestration of lung,小儿肺分离,小儿肺隔离,小儿隔离肺
1649,小儿副流感病毒肺炎,pediatric parainfluenza virus pneumonia,小儿副流感病毒肺炎
1652,小儿肺脓肿,pediatric abscess of lung,小儿肺脓肿,pediatric lung abscess,pediatric pulmonary abscess,小儿肺痈,小儿肺脓疡
1655,小儿肺泡性蛋白沉积症,pediatric pulmonary alveolar proteinosis,小儿肺泡性蛋白沉积症,小儿Rosen-Castleman-Liebow综合征,小儿肺泡蛋白沉积,小儿肺泡蛋白沉积症,小儿肺泡磷脂沉着症,小儿肺泡性蛋白质蓄积症
1660,小儿肺栓塞,pediatric pulmonary embolism,小儿肺栓塞,pediatric lung embolism,小儿肺动脉栓塞
1661,小儿肺水肿,pediatric pulmonary edema,小儿肺水肿,pediatric edema of lung,pediatric lung edema,pediatric oedema pulmonum,pediatric pneumonedema,儿童肺水肿
1663,小儿肺炎,pediatric bronchopneumonia,小儿支气管肺炎,pediatric alveobronchiolitis,pediatric lobular pneumonia,小儿肺炎,小儿细支气管肺泡炎,小儿小叶性肺炎
1681,小儿高免疫球蛋白E综合征,pediatric hyper-IgM syndrome,小儿高免疫球蛋白E综合征,pediatric Granulomatous disease variant,小儿Buckley综合征,小儿Job综合征,小儿高IgE综合征,小儿高免疫球蛋白E综合症,小儿慢性肉芽肿病变异型,小儿姚皮炎综合征
1723,小儿呼吸道合胞病毒肺炎,pediatric respiratory syncytial virus pneumonia,小儿呼吸道合胞病毒肺炎,小儿合胞病毒肺炎,小儿呼吸道合胞体病毒肺炎,小儿呼吸道合胞体病毒性肺炎
1724,小儿呼吸衰竭,pediatric respiratory failure,小儿呼吸衰竭,respiratory failure of children,小儿呼衰
1734,小儿继发性免疫缺陷病,pediatric secondary immunodeficiency disease,小儿继发性免疫缺陷病
1737,小儿金黄色葡萄球菌肺炎,pediatric staphylococcus aureus pneumonia,小儿金黄色葡萄球菌肺炎,小儿金黄色酿脓葡萄球菌肺炎,小儿金葡菌肺炎,小儿金黄色葡萄球菌性肺炎
1751,小儿结节性硬化综合征,pediatric tuberous sclerosis syndrome,小儿结节性硬化综合征,pediatric Bourneville-Pringle母斑病,pediatric naevus fibromatous angiectodes symmetricus faciei,pediatric Pringle综合征,小儿Bourneville综合征,小儿结节性脑硬化综合征,小儿结节性硬化综合症,小儿面部对称性血管扩张性纤维瘤母斑
1762,小儿军团病,pediatric Legionnaires’disease,小儿军团病,Legionnaires’disease of children,小儿军团菌肺炎,小儿军团菌感染性肺炎
1765,小儿巨细胞病毒肺炎,pediatric cytomegaloviral pneumonitis,小儿巨细胞病毒肺炎,cytomegaloviral pneumonitis of children,pediatric cytomegalic inclusion disease,小儿巨大细胞包涵体病,小儿巨细胞包涵体病,小儿巨细胞包涵体病毒肺炎,小儿巨细胞感染综合征,小儿巨细胞性包涵体病,小儿细胞肥大包涵体病
1775,小儿急性喉气管支气管炎,pediatric acute laryngotracheobronchitis,小儿急性喉气管支气管炎,小儿急性喉、气管、支气管炎
1776,小儿急性呼吸窘迫综合征,pediatric acute respiratory distress syndrome,小儿急性呼吸窘迫综合征,acute respiratory distress syndrome of children,小儿白色肺,小儿成人透明膜病,小儿成人型呼吸窘迫综合征,小儿充血性肺不张,小儿创伤肺,小儿呼吸器肺,小儿急性肺损伤,小儿急性呼吸窘迫综合症,小儿湿肺,小儿心肺转流肺,小儿休克肺,小儿休克肺综合征
1777,小儿急性呼吸衰竭,pediatric acutere rspiratory failure,小儿急性呼吸衰竭,急性呼吸衰竭
1785,小儿急性气管支气管炎,pediatric acute tracheobronchitis,小儿急性气管支气管炎,acute bronchitis of childhood,acute tracheitis of childhood,acute tracheobronchitis of childhood,小儿急性气管、支气管炎,小儿急性气管炎,小儿急性支气管炎
1792,小儿急性血行播散型肺结核,pediatric acute hematogenous pulmonary tuberculosis,小儿急性血行播散型肺结核,pediatric acute miliary tuberculosis of the lung,小儿急性粟粒型肺结核
1796,小儿急性支气管炎,pediatric acute tracheobronchitis,小儿急性气管支气管炎,acute bronchitis of childhood,acute tracheitis of childhood,acute tracheobronchitis of childhood,小儿急性气管、支气管炎,小儿急性气管炎,小儿急性支气管炎
1812,小儿卡肺囊虫肺炎,pediatric pneumocystis carinii pneumonia,小儿卡肺囊虫肺炎,pediatric pneumocystis pneumonia,pneumocystis carinii pneumonia of children,小儿肺孢子虫性肺炎,小儿间质性浆细胞肺炎,小儿卡氏肺孢子虫肺炎,小儿卡氏肺囊虫性肺炎
1823,小儿淋巴细胞间质性肺炎,pediatric lymphocytic interstitial pneumonia,小儿淋巴细胞间质性肺炎,小儿间质性淋巴细胞肺炎,小儿淋巴间质性肺炎
1827,小儿流感病毒肺炎,pediatric influenzal virus pneumonia,小儿流感病毒肺炎,influenzal pneumonia,influenzal virus pneumonia of children,小儿流感性肺炎,小儿流行性感冒病毒肺炎
1830,小儿流行性喘憋性肺炎,pediatric epidemic asthmatic suffocating pneumonia,小儿流行性喘憋性肺炎,小儿流喘肺炎,小儿气喘性窒息性肺炎
1859,小儿慢性肺炎,pediatric chronic pneumonia,小儿慢性肺炎,小儿复发性肺炎,小儿难治性肺炎
1869,小儿毛细支气管炎,pediatric bronchiolitis,小儿毛细支气管炎,小儿急性毛细支气管炎,小儿流行性毛细支气管炎,小儿细支气管炎
1870,小儿慢性支气管炎,pediatric chronic bronchitis,小儿慢性支气管炎,chronic bronchitis of children,儿童慢性支气管炎
1890,小儿脓胸,pediatric pyothorax,小儿脓胸,pediatric empyema of the chest,pediatric purulent pleurisy,小儿化脓性胸膜炎
1892,小儿囊性纤维性变,pediatric cystic fibrosis,小儿囊性纤维性变,小儿囊性纤维病,小儿囊性纤维化,小儿黏液黏稠病,小儿黏滞病,小儿纤维囊泡症,小儿胰腺囊性纤维化
1895,小儿内脏幼虫移行症,pediatric visceral larva migrans,小儿内脏幼虫移行症,visceral larva migrans of children,嗜酸性粒细胞增多性肝肿大(儿科型),小儿PIE综合征,小儿单纯性嗜酸细胞增多性肺浸润征,小儿内脏幼虫移行综合征,小儿内脏蚴移行综合征,小儿嗜酸性粒细胞性肺炎,小儿游走性肺炎
1900,小儿屏气发作,pediatric breath holding spell,小儿屏气发作
1908,小儿疱疹性角膜结膜炎,pediatric herpetic keratoconjunctivitis,小儿疱疹性角膜结膜炎
1912,小儿气管、支气管异物,pediatric foreign bodies in the trachea and bronchi,小儿气管、支气管异物,pediatric respiratory tract foreign body,小儿呼吸道异物,小儿气管异物,小儿支气管异物
1917,小儿气胸,pediatric pneumothorax and pyopneumothorax,小儿气胸,pneumothorax and pyopneumothorax of children,儿童气胸
1925,小儿热带嗜酸性粒细胞增多症,pediatric tropical eosinophilia,小儿热带嗜酸性粒细胞增多症,小儿热带肺嗜酸细胞增多,小儿热带嗜曙红细胞增多症
1985,小儿嗜血流感杆菌肺炎,pediatric hemophilus influenzal pneumonia,小儿嗜血流感杆菌肺炎,小儿流感杆菌肺炎
1996,小儿特发性肺含铁血黄素沉着症,pediatric idiopathic pulmonary hemosiderosis of children,小儿特发性肺含铁血黄素沉着症,idiopathic pulmonary hemosiderosis of children,小儿特发性肺含铁血黄素沉积,小儿特发性肺含铁血黄素沉积症
1997,小儿特发性肺纤维化,idiopathic pulmonary fibrosis of children,小儿特发性肺纤维化,小儿Hamman-Rich综合征,小儿类风湿性肺综合征,小儿特发性肺间质纤维化,小儿特发性肺纤维变性,小儿特发性弥漫性肺间质纤维化,小儿特发性致纤维化肺泡炎,小儿隐源性致纤维化肺泡炎,小儿致纤维化肺泡炎
2009,小儿脱屑性肺炎,pediatric desquamative pneumonia,小儿脱屑性肺炎,pediatric desquamative interstitial pneumonia,pediatric idiopathic interstitial pneumonia,pediatric idiopathic pulmonary interstitial fibrosis,小儿特发性间质性肺炎,小儿脱屑性间质性肺炎
2036,小儿外源性变应性肺泡炎,pediatric extrinsic allergic alveolitis,小儿外源性变应性肺泡炎,extrinsic allergic alveolitis of children,小儿超敏感性肺炎,小儿过敏性肺炎,小儿过敏性肺脏炎,小儿外源性过敏性肺泡炎
2037,小儿腺病毒性肺炎,pediatric adenoviral pneumonia,小儿腺病毒性肺炎,小儿腺病毒肺炎,小儿腺性病毒性肺炎
2039,小儿哮喘,pediatric bronchial asthma,小儿支气管哮喘,bronchial asthma of children,小儿哮喘病,小儿哮喘
2040,小儿哮喘,pediatric asthma,小儿哮喘,childhood asthma,儿童期哮喘,儿童哮喘
2041,小儿哮喘性肌萎缩综合征,pediatric asthmatic amyotrophy syndrome,小儿哮喘性肌萎缩综合征,pediatric asthmatic amyotrophy,pediatric Hopkins syndrome,小儿Hopkins综合征,小儿急性哮喘并发脊髓灰质炎样损害,小儿哮喘性肌萎缩,小儿哮喘性肌萎缩综合症
2076,小儿先天性肺囊肿,pediatric congenital pulmonary cyst,小儿先天性肺囊肿,小儿肺囊肿,儿童先天性肺囊肿
2117,小儿原发型肺结核,pediatric primary pulmonary tuberculosis,小儿原发型肺结核,儿童型肺结核,小儿初染结核
2123,小儿原发性纤毛运动障碍,pediatric primary ciliary dyskinesia,小儿原发性纤毛运动障碍,小儿纤毛不动综合征,小儿原发性睫运动障碍
2125,小儿右肺中叶综合征,pediatric right middle lobe syndrome,小儿右肺中叶综合征,小儿Brock综合征,小儿Graham-Burford-Mayer综合征,小儿肺中叶综合征,小儿急性暂时性中叶疾病,小儿右肺中叶不张综合征,小儿右肺中叶综合症,小儿右中叶慢性肺不张合并肺炎,小儿中叶-舌部综合征
2161,小儿衣原体肺炎,pediatric chlamydial pneumonia,小儿衣原体肺炎,chlamydial pneumonia of children,儿童衣原体肺炎
2162,小儿严重急性呼吸综合征,pediatric severe acute respiratory syndrome,小儿严重急性呼吸综合征,atypical pneumonia of childhood,儿童SARS肺炎,儿童非典型肺炎,儿童非典型性肺炎,儿童严重急性呼吸综合症,小儿严重急性呼吸综合症
2183,小儿真菌性肺炎,pediatric mycotic pneumonia,小儿真菌性肺炎,小儿霉菌性肺炎
2187,小儿支气管肺发育不全,pediatric bronchopulmonary dysplasia,小儿支气管肺发育不全,小儿呼吸机肺,小儿慢性肺疾病,小儿纤维增生性慢性肺病,小儿氧中毒,小儿支气管肺发育不良,小儿支气管肺发育异常
2188,小儿支气管肺炎,pediatric bronchopneumonia,小儿支气管肺炎,pediatric alveobronchiolitis,pediatric lobular pneumonia,小儿肺炎,小儿细支气管肺泡炎,小儿小叶性肺炎
2189,小儿支气管扩张,pediatric bronchiectasis,小儿支气管扩张,bronchiectasis of children,小儿支气管扩张症
2190,小儿支气管哮喘,pediatric bronchial asthma,小儿支气管哮喘,bronchial asthma of children,小儿哮喘病,小儿哮喘
2198,小儿阻塞性睡眠呼吸暂停,pediatric obstructive sleep apnea syndrome,小儿阻塞性睡眠呼吸暂停,儿童睡眠呼吸障碍,儿童阻塞性睡眠呼吸暂停
2205,小儿支原体肺炎,pediatric mycoplasmal pneumonia,小儿支原体肺炎,mycoplasmal pneumonia of children,pediatric Eatons pneumonia,pediatric primary atypical pneumonia,小儿冷凝集阳性肺炎,小儿原发性非典型肺炎,小儿原发性非典型性肺炎
2209,矽肺,silicosis,矽肺,grinders disease,pneumosilicosis,肺石末沉着症,硅肺病,磨工病,石末沉着病
2234,小颌畸形综合征,micrognathia syndrome,小颌畸形综合征,Pierre-Robin综合征,腭裂-小颌畸形-舌下垂综合征,吸气性气道阻塞综合征,小颌大舌畸形综合征,小颌畸形综合症,小下颌-舌下垂综合征
2251,吸入性肺炎,aspiration pneumonia,吸入性肺炎,aspirated pneumonia,aspiration pneumonitis,inhalation pneumonia
2257,新生儿持续性肺动脉高压,neonatal persistent pu1monary hypertension,新生儿持续性肺动脉高压,persistent fetal circulation,persistent pu1monary hypertension of newborn,持续胎儿循环,持续性肺血管闭塞,持续性过渡期循环,持续性胎循环,肺血管痉挛,新生儿肺缺血,原发性持续性肺动脉高压
2266,新生儿肺气漏,neonatal pulmonary gas leakage,新生儿肺气漏,pulmonary gas leakage of newborn
2268,新生儿肺炎,neonatal pneumonia,新生儿肺炎,aspiration pneumonitis of newborn,inhalation pneumonia of newborn,新生儿产前、产时感染性肺炎和生后感染性肺炎,新生儿吸入性肺炎和感染性肺炎,新生儿早发型肺炎和晚发型肺炎
2276,新生儿喉喘鸣,neonatal laryngeal stridor,新生儿喉喘鸣,laryngeal stridor of newborn
2277,新生儿获得性免疫缺陷综合征,neonatal acquired immunodeficiency syndrome of newborn,新生儿获得性免疫缺陷综合征,acquired immunodeficiency syndrome of newborn,HIV infection of newborn,新生儿艾滋病,新生儿获得性免疫缺陷综合症,新生儿人类免疫缺陷病毒感染
2306,新生儿Wilson-Mikity综合征,neonatal Wilson-Mikity syndrome,新生儿Wilson-Mikity综合征,Wilson-Mikity neonate syndrome,未成熟儿间质性肺纤维化,新生儿Wilson-Mikity综合症,新生儿肺成熟障碍,新生儿囊性肺气肿综合征,新生儿威-米二氏综合征
2313,新生儿先天性膈疝,neonatal congenital diaphragmatic hernia,新生儿先天性膈疝
2318,新生儿衣原体感染,neonatal chlamydial infection,新生儿衣原体感染,chlamydial infection of newborn
2321,新生儿窒息,neonatal asphyxia,新生儿窒息,apnoea neonatorum,asphyxia neonatorum,草迷,初生不啼,闷气生,梦生,新生儿呼吸暂停症,婴儿假死症
2329,消散延迟性肺炎,slowly resolving pneumonia,消散延迟性肺炎
2335,先天性肺动静脉瘘,congenital pulmonary arterio-venous fistula,先天性肺动静脉瘘,先天性肺动-静脉瘘
2336,先天性肺发育不全,congenital agenesis of lung,先天性肺发育不全,Congenital aplasia of lung,Congenital hypoplasia of lung
2357,先天性支气管肺囊肿,congenital bronchopulmonary cyst,先天性支气管肺囊肿,先天性囊性支气管扩张,先天性支气管源性囊肿
2358,先天性支气管囊肿,congenital bronchial cysts,先天性支气管囊肿
2380,心源性哮喘,cardiac asthma,心源性哮喘,cardiac asthma syndrome,Ridley综合征,里德利综合征,心病性气喘,心病性哮喘,心型哮喘,心源性哮喘综合征,阵发性夜间呼吸困难综合征
2404,恙虫病性肺炎,tsutsugamushi pneumonia,恙虫病性肺炎,恙虫肺炎,恙螨肺炎
2405,洋葱假单胞菌肺炎,pseudomonas cepacia pneumonia,洋葱假单胞菌肺炎,葱头假单胞菌肺炎
2406,遗传性出血性毛细血管扩张症,hereditary hemorrhagic telangiectasia,遗传性出血性毛细血管扩张,Rendu-Osler-Weber病,telangiectasia hereditaria haemorrhagica,遗传性出血性毛细血管扩张症,Osler-Rendu-Weber综合征,遗传性毛细血管扩张症
2449,运动诱发哮喘,exercise-induced asthma,运动诱发哮喘,运动诱发性喘息
2472,原发性肺动脉高压,primary pulmonary hypertension,原发性肺动脉高压,primary pulmonary hypertensoin,原发性肺动脉高血压
2529,夜间哮喘,nocturnal asthma,夜间哮喘
2535,月经性哮喘,menstrual asthma,月经性哮喘
2576,药物导致的肺部疾病,drug-induced lung diseases,药物导致的肺部疾病,药源性肺病
2578,鹦鹉热衣原体肺炎,chlamydia psittaci pneumonia,鹦鹉热衣原体肺炎,鸟热衣原体肺炎
2580,药物性呼吸衰竭,drug-induced respiratory failure,药物性呼吸衰竭
2596,厌氧菌肺炎,anaerobic pneumonia,厌氧菌肺炎
2602,严重急性呼吸综合征,severe acute respiratory syndrome,严重急性呼吸综合征,infectious atypical pneumonia,SARS,传染性非典型肺炎,严重急性呼吸道综合征,严重急性呼吸器官综合症,严重急性呼吸综合症,非典型性肺炎,非典
2609,蔗尘肺,bagassosis,蔗尘肺,甘蔗渣病,蔗尘沉着病
2635,纵隔囊肿,cyst of mediastinum,纵隔囊肿
2646,纵隔气肿,mediastinal emphysema,纵隔气肿
2647,纵隔疝,hernia of mediastinum,纵隔疝
2652,真菌过敏性哮喘,fungal asthma,真菌过敏性哮喘
2664,支气管肺隔离症,bronchopulmonary sequestration,支气管肺隔离症
2665,支气管发育不全,bronchopulmonary dysplasia,支气管发育不全,Agenesis of bronchus,支气管肺发育不良,支气管肺发育异常
2666,支气管扩张,bronchiectasis,支气管扩张,bronchiect.,bronchiectasia,bronchodilation,支气管扩张症,支扩
2667,支气管哮喘,bronchial asthma,支气管哮喘
2668,支气管中心性肉芽肿病,bronchcentric granulomatosis,支气管中心性肉芽肿病
2669,支气管中心性肉芽肿病,bronchcentric granulomatosis,支气管中心性肉芽肿病
2686,阻塞性肺气肿,obstructive pulmonary emphysema,阻塞性肺气肿,obstructive emphysema
2688,阻塞性睡眠呼吸暂停综合征,obstructive sleep apnea syndrome,阻塞性睡眠呼吸暂停综合征,阻塞性睡眠呼吸暂停综合症,睡眠无呼吸综合征
2709,职业性哮喘,occupational asthma,职业性哮喘
2712,中叶综合征,middle lung lobe syndrome,中叶综合征,Brock综合征,Graham-Burford-Mayer综合征,middle lobe syndrome,中叶综合症
2723,重症院内获得性肺炎,hospital acquired pneumonia,重症院内获得性肺炎,nosocomial pneumonia,医院内肺炎,医院性肺炎
3155,A链球菌群感染
3156,埃利希体病
3163,阿斯匹林不耐受三联症
3171,不动杆菌感染
3173,病毒性肺炎
3174,病毒性感冒
3175,病毒性喉炎
3177,病毒性咽炎
3178,病毒性支气管炎
3188,鼻疽
3191,贝壳甲综合征
3193,B链球菌群感染
3201,百日咳
3208,扁桃体炎
3223,苯中毒
3242,楚尔盖分枝杆菌感染
3256,超敏反应性疾病
3265,ARDS
3292,喘息样支气管炎
3297,喘证
3316,单纯性肺嗜酸粒细胞浸润症
3349,SBS
3350,大量羊水吸入
3364,顿呛
3383,多系统器官功能衰竭
3392,大叶性肺炎
3405,颚口线虫病
3406,二硫化碳中毒
3426,恶性胸腔积液
3432,肺闭喘咳
3437,肺出血－肾炎综合征
3440,肺大疱
3441,肺大泡
3447,肺隔离症
3448,风寒犯肺
3449,风寒感冒
3450,附红细胞体病
3455,肺结核
3456,非结核性分枝杆菌病
3457,肺结节
3460,肺寄生虫病
3463,肺咳
3469,副流行性感冒
3473,肺络张
3489,肺曲菌病
3490,肺气虚
3491,肺气肿
3492,风热犯肺
3493,风热感冒
3495,肺热咳嗽
3503,肺损伤
3517,肺、胸膜阿米巴病
3518,肺性脑病
3521,肺炎
3522,肺炎链球菌败血症
3525,肺炎性假瘤
3526,肺炎衣原体感染
3527,肺胀
3530,肺真菌病
3542,肝肺综合症
3548,肝火犯肺
3564,过敏性咳嗽
3606,弓形体病
3609,肝性胸腔积液
3619,高原适应不全症
3623,冠状病毒感染
3624,高致病性禽流感病毒感染
3671,汉坦病毒肺综合征
3679,呼吸道合胞病毒肺炎
3680,呼吸道合胞病毒感染
3682,呼吸性碱中毒
3683,呼吸性酸中毒
3684,呼吸系统疾病伴发的精神障碍
3685,呼吸性细支气管相关的间质性肺疾病
3686,喉痈
3687,喉炎
3688,寒饮咳嗽
3691,SAS
3725,继发性肺结核
3731,结核病
3732,金黄色葡萄球菌肺炎
3746,结节性硬化
3751,颈淋巴结炎
3775,军团病
3776,军团病肺炎
3778,茎突综合征
3797,急性肺脓肿
3804,猪流感
3808,急性化脓性腭扁桃体炎
3817,急性硫化氢中毒
3821,急性气管－支气管炎
3833,急性支气管炎
3834,减压病
3861,肌注硬结感染
3867,咖啡因与氨茶碱中毒
3869,克雷白杆菌属感染
3875,口腔毛滴虫病
3877,寇热
3878,卡氏肺囊虫病
3879,柯萨奇病毒感染
3883,卡他莫拉菌感染
3892,淋巴管肌瘤
3908,链杆菌病
3909,流感嗜血杆菌感染
3913,流感
3914,流行性角膜结膜炎
3919,螺菌病
3926,老年肺炎
3932,链球菌感染
3933,链球菌性咽炎
3934,链球菌中毒性休克综合征
3941,粒性白细胞缺乏性咽峡炎
3994,慢性肺炎
3998,慢性咳嗽
4008,慢性舌扁桃体炎
4018,COPD
4022,免疫缺陷者肺炎
4026,锰中毒
4051,诺卡放线菌病
4052,诺卡菌病
4073,囊性纤维化
4081,镍中毒
4084,内脏利什曼病
4109,葡萄球菌中毒性休克综合征
4118,气管前间隙感染
4120,气管炎
4121,气管、支气管狭窄
4124,禽流感
4125,曲霉病
4132,Q热
4147,迁延性肺嗜酸粒细胞浸润症
4149,汽油中毒
4157,热带性肺嗜酸粒细胞浸润症
4177,妊娠合并肺栓塞
4178,妊娠合并肺炎
4196,妊娠合并哮喘
4283,时行感冒
4322,热感冒
4324,夏季感冒
4326,手术后和创伤后肺炎
4381,痰毒
4390,特发性含铁血黄素沉着症
4392,特发性阻塞性细支气管炎伴机化性肺炎
4393,痰火
4394,痰积
4395,痰厥
4396,羰基镍中毒
4397,铜绿假单胞菌感染
4410,痰热咳嗽
4414,痰湿阻肺
4419,痰饮
4424,痰浊头痛
4425,痰浊眩晕
4469,卫氏并殖吸虫病
4514,哮病
4516,腺病毒感染
4518,胸部放线菌病
4519,胸壁结核
4524,胸壁深部软组织感染
4529,哮喘
4532,哮喘性肺嗜酸粒细胞浸润症
4543,小儿发烧
4547,小儿感冒
4551,小儿结核病
4554,小儿流行性感冒
4568,虚寒咳嗽
4578,细菌感染性肺炎
4583,细菌性肺炎
4586,细菌性咽扁桃体炎
4587,休克型肺炎
4592,细粒棘球蚴病
4596,胸膜炎
4609,吸入性损伤
4753,阴沟肠杆菌感染
4765,咽结膜热
4782,乙醚中毒
4812,Ⅰ型超敏反应性疾病
4821,咽峡炎
4839,衣原体肺炎
4842,医源性气管及主支气管损伤
4854,致肠细胞病变人孤儿病毒感染
4858,中东呼吸综合征
4873,脂肪栓塞综合征
4874,自发性气胸
4897,支气管肺炎
4898,支气管结石
4899,支气管炎
4921,燥邪犯肺
4925,自限性疾病
4932,支原体肺炎
